-- Shared team inserts (auto-generated from current local DB)
-- Generated by: herramientas/export-shared-seed.ps1
-- Safe to replay on fresh DB because statements use ON CONFLICT DO NOTHING.

BEGIN;

INSERT INTO public.tenants ("Id", "Name", "IsActive", "TenantId", "CreatedAt", "UpdatedAt", "DeletedAt") VALUES ('1f4f9f1a-2b7f-4d2c-8cf6-56d5b92f1a01', 'Demo', true, '1f4f9f1a-2b7f-4d2c-8cf6-56d5b92f1a01', '2026-02-23 00:47:24.717917+00', '2026-02-23 00:47:24.717917+00', NULL) ON CONFLICT DO NOTHING;
INSERT INTO public.sucursales ("Id", "Name", "Code", "TenantId", "CreatedAt", "UpdatedAt", "DeletedAt") VALUES ('3b58fbc1-33f3-4e7e-9a34-9a0a3cf3c7a1', 'Central', 'CENTRAL', '1f4f9f1a-2b7f-4d2c-8cf6-56d5b92f1a01', '2026-02-23 00:47:24.717917+00', '2026-02-23 00:47:24.717917+00', NULL) ON CONFLICT DO NOTHING;
INSERT INTO public.sucursales ("Id", "Name", "Code", "TenantId", "CreatedAt", "UpdatedAt", "DeletedAt") VALUES ('4b58fbc1-33f3-4e7e-9a34-9a0a3cf3c7a2', 'Sucursal 2', 'SUC2', '1f4f9f1a-2b7f-4d2c-8cf6-56d5b92f1a01', '2026-02-23 00:47:24.717917+00', '2026-02-23 00:47:24.717917+00', NULL) ON CONFLICT DO NOTHING;
INSERT INTO public.audit_logs ("Id", "SucursalId", "UserId", "Action", "EntityName", "EntityId", "OccurredAt", "BeforeJson", "AfterJson", "MetadataJson", "TenantId", "CreatedAt", "UpdatedAt", "DeletedAt") VALUES ('d35b0bcf-84a5-4014-9892-8521ccbef587', '3b58fbc1-33f3-4e7e-9a34-9a0a3cf3c7a1', 'c5a5020f-47f8-4b57-8a2a-1f9a4c495e2b', 8, 'User', 'c5a5020f-47f8-4b57-8a2a-1f9a4c495e2b', '2026-02-23 00:54:32.883468+00', NULL, '{"roles":["ADMIN"],"permissions":["VENTA_CREAR","VENTA_CONFIRMAR","VENTA_ANULAR","DEVOLUCION_REGISTRAR","CAJA_ABRIR","CAJA_CERRAR","CAJA_MOVIMIENTO","STOCK_AJUSTAR","PRODUCTO_VER","PRODUCTO_EDITAR","USUARIO_ADMIN","REPORTES_VER","CLIENTE_GESTIONAR","PROVEEDOR_GESTIONAR","COMPRAS_REGISTRAR","CONFIGURACION_VER"]}', NULL, '1f4f9f1a-2b7f-4d2c-8cf6-56d5b92f1a01', '2026-02-23 00:54:32.883468+00', '2026-02-23 00:54:32.883468+00', NULL) ON CONFLICT DO NOTHING;
INSERT INTO public.cajas ("Id", "SucursalId", "Name", "Numero", "IsActive", "TenantId", "CreatedAt", "UpdatedAt", "DeletedAt") VALUES ('e0010000-0000-0000-0000-000000000001', '3b58fbc1-33f3-4e7e-9a34-9a0a3cf3c7a1', 'Caja 1', '1', true, '1f4f9f1a-2b7f-4d2c-8cf6-56d5b92f1a01', '2026-02-23 00:47:24.717917+00', '2026-02-23 00:47:24.717917+00', NULL) ON CONFLICT DO NOTHING;
INSERT INTO public.cajas ("Id", "SucursalId", "Name", "Numero", "IsActive", "TenantId", "CreatedAt", "UpdatedAt", "DeletedAt") VALUES ('e0010000-0000-0000-0000-000000000002', '3b58fbc1-33f3-4e7e-9a34-9a0a3cf3c7a1', 'Caja 2', '2', true, '1f4f9f1a-2b7f-4d2c-8cf6-56d5b92f1a01', '2026-02-23 00:47:24.717917+00', '2026-02-23 00:47:24.717917+00', NULL) ON CONFLICT DO NOTHING;
INSERT INTO public.caja_sesiones ("Id", "CajaId", "SucursalId", turno, "MontoInicial", "MontoCierre", "DiferenciaTotal", "MotivoDiferencia", "ArqueoJson", "AperturaAt", "CierreAt", "Estado", "TenantId", "CreatedAt", "UpdatedAt", "DeletedAt") VALUES ('e1010000-0000-0000-0000-000000000001', 'e0010000-0000-0000-0000-000000000001', '3b58fbc1-33f3-4e7e-9a34-9a0a3cf3c7a1', 'MANANA', 15000.0000, 16850.0000, 0.0000, '', '{"TARJETA": 3000, "EFECTIVO": 12000, "APLICATIVO": 850, "TRANSFERENCIA": 1000}', '2026-02-22 00:47:24.717917+00', '2026-02-22 08:47:24.717917+00', 2, '1f4f9f1a-2b7f-4d2c-8cf6-56d5b92f1a01', '2026-02-23 00:47:24.717917+00', '2026-02-23 00:47:24.717917+00', NULL) ON CONFLICT DO NOTHING;
INSERT INTO public.caja_sesiones ("Id", "CajaId", "SucursalId", turno, "MontoInicial", "MontoCierre", "DiferenciaTotal", "MotivoDiferencia", "ArqueoJson", "AperturaAt", "CierreAt", "Estado", "TenantId", "CreatedAt", "UpdatedAt", "DeletedAt") VALUES ('e1010000-0000-0000-0000-000000000002', 'e0010000-0000-0000-0000-000000000002', '3b58fbc1-33f3-4e7e-9a34-9a0a3cf3c7a1', 'TARDE', 10000.0000, NULL, 0.0000, NULL, NULL, '2026-02-22 22:47:24.717917+00', NULL, 1, '1f4f9f1a-2b7f-4d2c-8cf6-56d5b92f1a01', '2026-02-23 00:47:24.717917+00', '2026-02-23 00:47:24.717917+00', NULL) ON CONFLICT DO NOTHING;
INSERT INTO public.caja_movimientos ("Id", "CajaSesionId", "Tipo", "MedioPago", "Monto", "Motivo", "Fecha", "TenantId", "CreatedAt", "UpdatedAt", "DeletedAt") VALUES ('e2010000-0000-0000-0000-000000000001', 'e1010000-0000-0000-0000-000000000001', 4, 'EFECTIVO', 5000.0000, 'Ingreso inicial', '2026-02-22 01:47:24.717917+00', '1f4f9f1a-2b7f-4d2c-8cf6-56d5b92f1a01', '2026-02-23 00:47:24.717917+00', '2026-02-23 00:47:24.717917+00', NULL) ON CONFLICT DO NOTHING;
INSERT INTO public.caja_movimientos ("Id", "CajaSesionId", "Tipo", "MedioPago", "Monto", "Motivo", "Fecha", "TenantId", "CreatedAt", "UpdatedAt", "DeletedAt") VALUES ('e2010000-0000-0000-0000-000000000002', 'e1010000-0000-0000-0000-000000000001', 2, 'EFECTIVO', 1200.0000, 'Compra insumos', '2026-02-22 02:47:24.717917+00', '1f4f9f1a-2b7f-4d2c-8cf6-56d5b92f1a01', '2026-02-23 00:47:24.717917+00', '2026-02-23 00:47:24.717917+00', NULL) ON CONFLICT DO NOTHING;
INSERT INTO public.caja_movimientos ("Id", "CajaSesionId", "Tipo", "MedioPago", "Monto", "Motivo", "Fecha", "TenantId", "CreatedAt", "UpdatedAt", "DeletedAt") VALUES ('e2010000-0000-0000-0000-000000000003', 'e1010000-0000-0000-0000-000000000001', 1, 'EFECTIVO', 800.0000, 'Retiro encargado', '2026-02-22 03:47:24.717917+00', '1f4f9f1a-2b7f-4d2c-8cf6-56d5b92f1a01', '2026-02-23 00:47:24.717917+00', '2026-02-23 00:47:24.717917+00', NULL) ON CONFLICT DO NOTHING;
INSERT INTO public.categorias ("Id", "Name", "MargenGananciaPct", "IsActive", "TenantId", "CreatedAt", "UpdatedAt", "DeletedAt") VALUES ('80111111-1111-1111-1111-111111111111', 'Bebidas', 35.00, true, '1f4f9f1a-2b7f-4d2c-8cf6-56d5b92f1a01', '2026-02-23 00:47:24.717917+00', '2026-02-23 00:47:24.717917+00', NULL) ON CONFLICT DO NOTHING;
INSERT INTO public.categorias ("Id", "Name", "MargenGananciaPct", "IsActive", "TenantId", "CreatedAt", "UpdatedAt", "DeletedAt") VALUES ('80222222-2222-2222-2222-222222222222', 'Almacen', 28.00, true, '1f4f9f1a-2b7f-4d2c-8cf6-56d5b92f1a01', '2026-02-23 00:47:24.717917+00', '2026-02-23 00:47:24.717917+00', NULL) ON CONFLICT DO NOTHING;
INSERT INTO public.categorias ("Id", "Name", "MargenGananciaPct", "IsActive", "TenantId", "CreatedAt", "UpdatedAt", "DeletedAt") VALUES ('80333333-3333-3333-3333-333333333333', 'Limpieza', 40.00, true, '1f4f9f1a-2b7f-4d2c-8cf6-56d5b92f1a01', '2026-02-23 00:47:24.717917+00', '2026-02-23 00:47:24.717917+00', NULL) ON CONFLICT DO NOTHING;
INSERT INTO public.categorias ("Id", "Name", "MargenGananciaPct", "IsActive", "TenantId", "CreatedAt", "UpdatedAt", "DeletedAt") VALUES ('80444444-4444-4444-4444-444444444444', 'Perfumeria', 45.00, true, '1f4f9f1a-2b7f-4d2c-8cf6-56d5b92f1a01', '2026-02-23 00:47:24.717917+00', '2026-02-23 00:47:24.717917+00', NULL) ON CONFLICT DO NOTHING;
INSERT INTO public.usuarios ("Id", "Username", "PasswordHash", "IsActive", "TenantId", "CreatedAt", "UpdatedAt", "DeletedAt") VALUES ('c5a5020f-47f8-4b57-8a2a-1f9a4c495e2b', 'admin', 'sha256:8c6976e5b5410415bde908bd4dee15dfb167a9c873fc4bb8a81f6f2ab448a918', true, '1f4f9f1a-2b7f-4d2c-8cf6-56d5b92f1a01', '2026-02-23 00:47:24.717917+00', '2026-02-23 00:47:24.717917+00', NULL) ON CONFLICT DO NOTHING;
INSERT INTO public.usuarios ("Id", "Username", "PasswordHash", "IsActive", "TenantId", "CreatedAt", "UpdatedAt", "DeletedAt") VALUES ('6ca96f7d-6a24-4f9f-a7f9-6f8c3c11c101', 'cajero1', 'sha256:8c6976e5b5410415bde908bd4dee15dfb167a9c873fc4bb8a81f6f2ab448a918', true, '1f4f9f1a-2b7f-4d2c-8cf6-56d5b92f1a01', '2026-02-23 00:47:24.717917+00', '2026-02-23 00:47:24.717917+00', NULL) ON CONFLICT DO NOTHING;
INSERT INTO public.usuarios ("Id", "Username", "PasswordHash", "IsActive", "TenantId", "CreatedAt", "UpdatedAt", "DeletedAt") VALUES ('6ca96f7d-6a24-4f9f-a7f9-6f8c3c11c102', 'encargado1', 'sha256:8c6976e5b5410415bde908bd4dee15dfb167a9c873fc4bb8a81f6f2ab448a918', true, '1f4f9f1a-2b7f-4d2c-8cf6-56d5b92f1a01', '2026-02-23 00:47:24.717917+00', '2026-02-23 00:47:24.717917+00', NULL) ON CONFLICT DO NOTHING;
INSERT INTO public.ventas ("Id", "SucursalId", "UserId", numero, "ListaPrecio", "Estado", "TotalNeto", "TotalPagos", facturada, "TenantId", "CreatedAt", "UpdatedAt", "DeletedAt") VALUES ('f0010000-0000-0000-0000-000000000001', '3b58fbc1-33f3-4e7e-9a34-9a0a3cf3c7a1', 'c5a5020f-47f8-4b57-8a2a-1f9a4c495e2b', 1001, 'PUBLICO', 1, 6110.0000, 6110.0000, true, '1f4f9f1a-2b7f-4d2c-8cf6-56d5b92f1a01', '2026-02-20 00:47:24.717917+00', '2026-02-20 00:47:24.717917+00', NULL) ON CONFLICT DO NOTHING;
INSERT INTO public.ventas ("Id", "SucursalId", "UserId", numero, "ListaPrecio", "Estado", "TotalNeto", "TotalPagos", facturada, "TenantId", "CreatedAt", "UpdatedAt", "DeletedAt") VALUES ('f0010000-0000-0000-0000-000000000002', '3b58fbc1-33f3-4e7e-9a34-9a0a3cf3c7a1', '6ca96f7d-6a24-4f9f-a7f9-6f8c3c11c101', 1002, 'PUBLICO', 1, 15600.0000, 15600.0000, false, '1f4f9f1a-2b7f-4d2c-8cf6-56d5b92f1a01', '2026-02-21 00:47:24.717917+00', '2026-02-21 00:47:24.717917+00', NULL) ON CONFLICT DO NOTHING;
INSERT INTO public.ventas ("Id", "SucursalId", "UserId", numero, "ListaPrecio", "Estado", "TotalNeto", "TotalPagos", facturada, "TenantId", "CreatedAt", "UpdatedAt", "DeletedAt") VALUES ('f0010000-0000-0000-0000-000000000003', '3b58fbc1-33f3-4e7e-9a34-9a0a3cf3c7a1', '6ca96f7d-6a24-4f9f-a7f9-6f8c3c11c101', 1003, 'MAYORISTA', 1, 11500.0000, 11500.0000, true, '1f4f9f1a-2b7f-4d2c-8cf6-56d5b92f1a01', '2026-02-22 00:47:24.717917+00', '2026-02-22 00:47:24.717917+00', NULL) ON CONFLICT DO NOTHING;
INSERT INTO public.comprobantes ("Id", "SucursalId", "VentaId", "UserId", "Estado", "Total", "Numero", "FiscalProvider", "FiscalPayload", "EmitidoAt", "TenantId", "CreatedAt", "UpdatedAt", "DeletedAt") VALUES ('f5010000-0000-0000-0000-000000000001', '3b58fbc1-33f3-4e7e-9a34-9a0a3cf3c7a1', 'f0010000-0000-0000-0000-000000000001', 'c5a5020f-47f8-4b57-8a2a-1f9a4c495e2b', 1, 6110.0000, 'A-0001-00001001', 'AFIP-TEST', '{}', '2026-02-20 00:47:24.717917+00', '1f4f9f1a-2b7f-4d2c-8cf6-56d5b92f1a01', '2026-02-23 00:47:24.717917+00', '2026-02-23 00:47:24.717917+00', NULL) ON CONFLICT DO NOTHING;
INSERT INTO public.comprobantes ("Id", "SucursalId", "VentaId", "UserId", "Estado", "Total", "Numero", "FiscalProvider", "FiscalPayload", "EmitidoAt", "TenantId", "CreatedAt", "UpdatedAt", "DeletedAt") VALUES ('f5010000-0000-0000-0000-000000000003', '3b58fbc1-33f3-4e7e-9a34-9a0a3cf3c7a1', 'f0010000-0000-0000-0000-000000000003', '6ca96f7d-6a24-4f9f-a7f9-6f8c3c11c101', 1, 11500.0000, 'A-0001-00001003', 'AFIP-TEST', '{}', '2026-02-22 00:47:24.717917+00', '1f4f9f1a-2b7f-4d2c-8cf6-56d5b92f1a01', '2026-02-23 00:47:24.717917+00', '2026-02-23 00:47:24.717917+00', NULL) ON CONFLICT DO NOTHING;
INSERT INTO public.devoluciones ("Id", "SucursalId", "VentaId", "UserId", "Motivo", "Total", "TenantId", "CreatedAt", "UpdatedAt", "DeletedAt") VALUES ('aa010000-0000-0000-0000-000000000001', '3b58fbc1-33f3-4e7e-9a34-9a0a3cf3c7a1', 'f0010000-0000-0000-0000-000000000001', 'c5a5020f-47f8-4b57-8a2a-1f9a4c495e2b', 'Producto en mal estado', 1560.0000, '1f4f9f1a-2b7f-4d2c-8cf6-56d5b92f1a01', '2026-02-21 00:47:24.717917+00', '2026-02-21 00:47:24.717917+00', NULL) ON CONFLICT DO NOTHING;
INSERT INTO public.marcas ("Id", "Name", "IsActive", "TenantId", "CreatedAt", "UpdatedAt", "DeletedAt") VALUES ('81111111-1111-1111-1111-111111111111', 'Coca Cola', true, '1f4f9f1a-2b7f-4d2c-8cf6-56d5b92f1a01', '2026-02-23 00:47:24.717917+00', '2026-02-23 00:47:24.717917+00', NULL) ON CONFLICT DO NOTHING;
INSERT INTO public.marcas ("Id", "Name", "IsActive", "TenantId", "CreatedAt", "UpdatedAt", "DeletedAt") VALUES ('82222222-2222-2222-2222-222222222222', 'Arcor', true, '1f4f9f1a-2b7f-4d2c-8cf6-56d5b92f1a01', '2026-02-23 00:47:24.717917+00', '2026-02-23 00:47:24.717917+00', NULL) ON CONFLICT DO NOTHING;
INSERT INTO public.marcas ("Id", "Name", "IsActive", "TenantId", "CreatedAt", "UpdatedAt", "DeletedAt") VALUES ('83333333-3333-3333-3333-333333333333', 'Unilever', true, '1f4f9f1a-2b7f-4d2c-8cf6-56d5b92f1a01', '2026-02-23 00:47:24.717917+00', '2026-02-23 00:47:24.717917+00', NULL) ON CONFLICT DO NOTHING;
INSERT INTO public.proveedores ("Id", "Name", "Telefono", "Cuit", "Direccion", "IsActive", "TenantId", "CreatedAt", "UpdatedAt", "DeletedAt") VALUES ('91111111-1111-1111-1111-111111111111', 'Mantecaa', '11-4444-1000', '30-11111111-1', 'Bouchard 100', true, '1f4f9f1a-2b7f-4d2c-8cf6-56d5b92f1a01', '2026-02-23 00:47:24.717917+00', '2026-02-23 00:47:24.717917+00', NULL) ON CONFLICT DO NOTHING;
INSERT INTO public.proveedores ("Id", "Name", "Telefono", "Cuit", "Direccion", "IsActive", "TenantId", "CreatedAt", "UpdatedAt", "DeletedAt") VALUES ('92222222-2222-2222-2222-222222222222', 'Arcor Distribucion', '11-4444-2000', '30-22222222-2', 'Rivadavia 2500', true, '1f4f9f1a-2b7f-4d2c-8cf6-56d5b92f1a01', '2026-02-23 00:47:24.717917+00', '2026-02-23 00:47:24.717917+00', NULL) ON CONFLICT DO NOTHING;
INSERT INTO public.proveedores ("Id", "Name", "Telefono", "Cuit", "Direccion", "IsActive", "TenantId", "CreatedAt", "UpdatedAt", "DeletedAt") VALUES ('93333333-3333-3333-3333-333333333333', 'Branca Mayorista', '11-4444-3000', '30-33333333-3', 'Sarmiento 980', true, '1f4f9f1a-2b7f-4d2c-8cf6-56d5b92f1a01', '2026-02-23 00:47:24.717917+00', '2026-02-23 00:47:24.717917+00', NULL) ON CONFLICT DO NOTHING;
INSERT INTO public.proveedores ("Id", "Name", "Telefono", "Cuit", "Direccion", "IsActive", "TenantId", "CreatedAt", "UpdatedAt", "DeletedAt") VALUES ('94444444-4444-4444-4444-444444444444', 'Limpieza SRL', '11-4444-4000', '30-44444444-4', 'Warnes 455', true, '1f4f9f1a-2b7f-4d2c-8cf6-56d5b92f1a01', '2026-02-23 00:47:24.717917+00', '2026-02-23 00:47:24.717917+00', NULL) ON CONFLICT DO NOTHING;
INSERT INTO public.productos ("Id", "Name", "Sku", "CategoriaId", "MarcaId", "ProveedorId", "PrecioBase", "PrecioVenta", "PricingMode", "MargenGananciaPct", "IsActive", "TenantId", "CreatedAt", "UpdatedAt", "DeletedAt") VALUES ('a0010000-0000-0000-0000-000000000001', 'Coca Cola 2.25L', '7790895000011', '80111111-1111-1111-1111-111111111111', '81111111-1111-1111-1111-111111111111', '91111111-1111-1111-1111-111111111111', 1200.0000, 1560.0000, 0, 30.00, true, '1f4f9f1a-2b7f-4d2c-8cf6-56d5b92f1a01', '2026-02-23 00:47:24.717917+00', '2026-02-23 00:47:24.717917+00', NULL) ON CONFLICT DO NOTHING;
INSERT INTO public.productos ("Id", "Name", "Sku", "CategoriaId", "MarcaId", "ProveedorId", "PrecioBase", "PrecioVenta", "PricingMode", "MargenGananciaPct", "IsActive", "TenantId", "CreatedAt", "UpdatedAt", "DeletedAt") VALUES ('a0010000-0000-0000-0000-000000000002', 'Fernet Branca 750ml', '7790290101010', '80111111-1111-1111-1111-111111111111', '83333333-3333-3333-3333-333333333333', '93333333-3333-3333-3333-333333333333', 7000.0000, 9800.0000, 2, NULL, true, '1f4f9f1a-2b7f-4d2c-8cf6-56d5b92f1a01', '2026-02-23 00:47:24.717917+00', '2026-02-23 00:47:24.717917+00', NULL) ON CONFLICT DO NOTHING;
INSERT INTO public.productos ("Id", "Name", "Sku", "CategoriaId", "MarcaId", "ProveedorId", "PrecioBase", "PrecioVenta", "PricingMode", "MargenGananciaPct", "IsActive", "TenantId", "CreatedAt", "UpdatedAt", "DeletedAt") VALUES ('a0010000-0000-0000-0000-000000000003', 'Sprite 2.25L', '7790895000028', '80111111-1111-1111-1111-111111111111', '81111111-1111-1111-1111-111111111111', '91111111-1111-1111-1111-111111111111', 1150.0000, 1495.0000, 1, NULL, true, '1f4f9f1a-2b7f-4d2c-8cf6-56d5b92f1a01', '2026-02-23 00:47:24.717917+00', '2026-02-23 00:47:24.717917+00', NULL) ON CONFLICT DO NOTHING;
INSERT INTO public.productos ("Id", "Name", "Sku", "CategoriaId", "MarcaId", "ProveedorId", "PrecioBase", "PrecioVenta", "PricingMode", "MargenGananciaPct", "IsActive", "TenantId", "CreatedAt", "UpdatedAt", "DeletedAt") VALUES ('a0010000-0000-0000-0000-000000000004', 'Harina 000 x1kg', '7791234000001', '80222222-2222-2222-2222-222222222222', NULL, '92222222-2222-2222-2222-222222222222', 700.0000, 900.0000, 1, NULL, true, '1f4f9f1a-2b7f-4d2c-8cf6-56d5b92f1a01', '2026-02-23 00:47:24.717917+00', '2026-02-23 00:47:24.717917+00', NULL) ON CONFLICT DO NOTHING;
INSERT INTO public.productos ("Id", "Name", "Sku", "CategoriaId", "MarcaId", "ProveedorId", "PrecioBase", "PrecioVenta", "PricingMode", "MargenGananciaPct", "IsActive", "TenantId", "CreatedAt", "UpdatedAt", "DeletedAt") VALUES ('a0010000-0000-0000-0000-000000000005', 'Yerba 1kg', '7791234560001', '80222222-2222-2222-2222-222222222222', NULL, '92222222-2222-2222-2222-222222222222', 2600.0000, 3500.0000, 0, 34.62, true, '1f4f9f1a-2b7f-4d2c-8cf6-56d5b92f1a01', '2026-02-23 00:47:24.717917+00', '2026-02-23 00:47:24.717917+00', NULL) ON CONFLICT DO NOTHING;
INSERT INTO public.productos ("Id", "Name", "Sku", "CategoriaId", "MarcaId", "ProveedorId", "PrecioBase", "PrecioVenta", "PricingMode", "MargenGananciaPct", "IsActive", "TenantId", "CreatedAt", "UpdatedAt", "DeletedAt") VALUES ('a0010000-0000-0000-0000-000000000006', 'Azucar 1kg', '7791234560002', '80222222-2222-2222-2222-222222222222', NULL, '92222222-2222-2222-2222-222222222222', 900.0000, 1200.0000, 0, 33.33, true, '1f4f9f1a-2b7f-4d2c-8cf6-56d5b92f1a01', '2026-02-23 00:47:24.717917+00', '2026-02-23 00:47:24.717917+00', NULL) ON CONFLICT DO NOTHING;
INSERT INTO public.productos ("Id", "Name", "Sku", "CategoriaId", "MarcaId", "ProveedorId", "PrecioBase", "PrecioVenta", "PricingMode", "MargenGananciaPct", "IsActive", "TenantId", "CreatedAt", "UpdatedAt", "DeletedAt") VALUES ('a0010000-0000-0000-0000-000000000007', 'Lavandina 1L', '7794000000001', '80333333-3333-3333-3333-333333333333', '83333333-3333-3333-3333-333333333333', '94444444-4444-4444-4444-444444444444', 950.0000, 1450.0000, 1, NULL, true, '1f4f9f1a-2b7f-4d2c-8cf6-56d5b92f1a01', '2026-02-23 00:47:24.717917+00', '2026-02-23 00:47:24.717917+00', NULL) ON CONFLICT DO NOTHING;
INSERT INTO public.productos ("Id", "Name", "Sku", "CategoriaId", "MarcaId", "ProveedorId", "PrecioBase", "PrecioVenta", "PricingMode", "MargenGananciaPct", "IsActive", "TenantId", "CreatedAt", "UpdatedAt", "DeletedAt") VALUES ('a0010000-0000-0000-0000-000000000008', 'Detergente 750ml', '7794000000002', '80333333-3333-3333-3333-333333333333', '83333333-3333-3333-3333-333333333333', '94444444-4444-4444-4444-444444444444', 1200.0000, 1800.0000, 1, NULL, true, '1f4f9f1a-2b7f-4d2c-8cf6-56d5b92f1a01', '2026-02-23 00:47:24.717917+00', '2026-02-23 00:47:24.717917+00', NULL) ON CONFLICT DO NOTHING;
INSERT INTO public.productos ("Id", "Name", "Sku", "CategoriaId", "MarcaId", "ProveedorId", "PrecioBase", "PrecioVenta", "PricingMode", "MargenGananciaPct", "IsActive", "TenantId", "CreatedAt", "UpdatedAt", "DeletedAt") VALUES ('a0010000-0000-0000-0000-000000000009', 'Jabon en polvo 800g', '7794000000003', '80333333-3333-3333-3333-333333333333', '83333333-3333-3333-3333-333333333333', '94444444-4444-4444-4444-444444444444', 2200.0000, 3200.0000, 2, NULL, true, '1f4f9f1a-2b7f-4d2c-8cf6-56d5b92f1a01', '2026-02-23 00:47:24.717917+00', '2026-02-23 00:47:24.717917+00', NULL) ON CONFLICT DO NOTHING;
INSERT INTO public.productos ("Id", "Name", "Sku", "CategoriaId", "MarcaId", "ProveedorId", "PrecioBase", "PrecioVenta", "PricingMode", "MargenGananciaPct", "IsActive", "TenantId", "CreatedAt", "UpdatedAt", "DeletedAt") VALUES ('a0010000-0000-0000-0000-000000000010', 'Desodorante', '7791293020297', '80444444-4444-4444-4444-444444444444', '83333333-3333-3333-3333-333333333333', '94444444-4444-4444-4444-444444444444', 3500.0000, 4550.0000, 2, NULL, true, '1f4f9f1a-2b7f-4d2c-8cf6-56d5b92f1a01', '2026-02-23 00:47:24.717917+00', '2026-02-23 00:47:24.717917+00', NULL) ON CONFLICT DO NOTHING;
INSERT INTO public.devolucion_items ("Id", "DevolucionId", "ProductoId", "Cantidad", "PrecioUnitario", "TenantId", "CreatedAt", "UpdatedAt", "DeletedAt") VALUES ('aa020000-0000-0000-0000-000000000001', 'aa010000-0000-0000-0000-000000000001', 'a0010000-0000-0000-0000-000000000001', 1.0000, 1560.0000, '1f4f9f1a-2b7f-4d2c-8cf6-56d5b92f1a01', '2026-02-23 00:47:24.717917+00', '2026-02-23 00:47:24.717917+00', NULL) ON CONFLICT DO NOTHING;
INSERT INTO public.documentos_compra ("Id", "SucursalId", "ProveedorId", "Numero", "Fecha", "TenantId", "CreatedAt", "UpdatedAt", "DeletedAt") VALUES ('a9030000-0000-0000-0000-000000000001', '3b58fbc1-33f3-4e7e-9a34-9a0a3cf3c7a1', '92222222-2222-2222-2222-222222222222', 'FC-00000045', '2026-02-22', '1f4f9f1a-2b7f-4d2c-8cf6-56d5b92f1a01', '2026-02-23 00:47:24.717917+00', '2026-02-23 00:47:24.717917+00', NULL) ON CONFLICT DO NOTHING;
INSERT INTO public.documento_compra_items ("Id", "DocumentoCompraId", "Codigo", "Descripcion", "Cantidad", "CostoUnitario", "TenantId", "CreatedAt", "UpdatedAt", "DeletedAt") VALUES ('a9040000-0000-0000-0000-000000000001', 'a9030000-0000-0000-0000-000000000001', '7791234560001', 'Yerba 1kg', 20.0000, 2400.0000, '1f4f9f1a-2b7f-4d2c-8cf6-56d5b92f1a01', '2026-02-23 00:47:24.717917+00', '2026-02-23 00:47:24.717917+00', NULL) ON CONFLICT DO NOTHING;
INSERT INTO public.documento_compra_items ("Id", "DocumentoCompraId", "Codigo", "Descripcion", "Cantidad", "CostoUnitario", "TenantId", "CreatedAt", "UpdatedAt", "DeletedAt") VALUES ('a9040000-0000-0000-0000-000000000002', 'a9030000-0000-0000-0000-000000000001', '7791234560002', 'Azucar 1kg', 30.0000, 800.0000, '1f4f9f1a-2b7f-4d2c-8cf6-56d5b92f1a01', '2026-02-23 00:47:24.717917+00', '2026-02-23 00:47:24.717917+00', NULL) ON CONFLICT DO NOTHING;
INSERT INTO public.empresa_datos ("Id", "RazonSocial", "Cuit", "Telefono", "Direccion", "Email", "Web", "Observaciones", "TenantId", "CreatedAt", "UpdatedAt", "DeletedAt") VALUES ('70b37b20-6c40-43db-850b-bcf8b52a8101', 'Mi Empresa Demo SRL', '30-12345678-9', '11-5555-0000', 'Av. Siempre Viva 123', 'contacto@miempresa.demo', 'https://miempresa.demo', 'Empresa demo para pruebas del sistema POS', '1f4f9f1a-2b7f-4d2c-8cf6-56d5b92f1a01', '2026-02-23 00:47:24.717917+00', '2026-02-23 00:47:24.717917+00', NULL) ON CONFLICT DO NOTHING;
INSERT INTO public.listas_precio ("Id", "Nombre", "IsActive", "TenantId", "CreatedAt", "UpdatedAt", "DeletedAt") VALUES ('d0010000-0000-0000-0000-000000000001', 'PUBLICO', true, '1f4f9f1a-2b7f-4d2c-8cf6-56d5b92f1a01', '2026-02-23 00:47:24.717917+00', '2026-02-23 00:47:24.717917+00', NULL) ON CONFLICT DO NOTHING;
INSERT INTO public.listas_precio ("Id", "Nombre", "IsActive", "TenantId", "CreatedAt", "UpdatedAt", "DeletedAt") VALUES ('d0010000-0000-0000-0000-000000000002', 'MAYORISTA', true, '1f4f9f1a-2b7f-4d2c-8cf6-56d5b92f1a01', '2026-02-23 00:47:24.717917+00', '2026-02-23 00:47:24.717917+00', NULL) ON CONFLICT DO NOTHING;
INSERT INTO public.lista_precio_items ("Id", "ListaPrecioId", "ProductoId", "Precio", "TenantId", "CreatedAt", "UpdatedAt", "DeletedAt") VALUES ('a42a6b90-fb23-4df8-a0a7-b8f2b5165b6d', 'd0010000-0000-0000-0000-000000000001', 'a0010000-0000-0000-0000-000000000002', 9800.0000, '1f4f9f1a-2b7f-4d2c-8cf6-56d5b92f1a01', '2026-02-23 00:47:24.717917+00', '2026-02-23 00:47:24.717917+00', NULL) ON CONFLICT DO NOTHING;
INSERT INTO public.lista_precio_items ("Id", "ListaPrecioId", "ProductoId", "Precio", "TenantId", "CreatedAt", "UpdatedAt", "DeletedAt") VALUES ('920ae690-0a71-48f2-a891-43570cd8a270', 'd0010000-0000-0000-0000-000000000001', 'a0010000-0000-0000-0000-000000000001', 1560.0000, '1f4f9f1a-2b7f-4d2c-8cf6-56d5b92f1a01', '2026-02-23 00:47:24.717917+00', '2026-02-23 00:47:24.717917+00', NULL) ON CONFLICT DO NOTHING;
INSERT INTO public.lista_precio_items ("Id", "ListaPrecioId", "ProductoId", "Precio", "TenantId", "CreatedAt", "UpdatedAt", "DeletedAt") VALUES ('cbcd0ccb-1b4d-473c-9624-51c5b4781625', 'd0010000-0000-0000-0000-000000000001', 'a0010000-0000-0000-0000-000000000003', 1495.0000, '1f4f9f1a-2b7f-4d2c-8cf6-56d5b92f1a01', '2026-02-23 00:47:24.717917+00', '2026-02-23 00:47:24.717917+00', NULL) ON CONFLICT DO NOTHING;
INSERT INTO public.lista_precio_items ("Id", "ListaPrecioId", "ProductoId", "Precio", "TenantId", "CreatedAt", "UpdatedAt", "DeletedAt") VALUES ('6f53c2dc-24f8-4006-aa34-5faef59f3f10', 'd0010000-0000-0000-0000-000000000001', 'a0010000-0000-0000-0000-000000000004', 900.0000, '1f4f9f1a-2b7f-4d2c-8cf6-56d5b92f1a01', '2026-02-23 00:47:24.717917+00', '2026-02-23 00:47:24.717917+00', NULL) ON CONFLICT DO NOTHING;
INSERT INTO public.lista_precio_items ("Id", "ListaPrecioId", "ProductoId", "Precio", "TenantId", "CreatedAt", "UpdatedAt", "DeletedAt") VALUES ('444ef791-bd3f-468f-81c0-d87fbd5b72cd', 'd0010000-0000-0000-0000-000000000001', 'a0010000-0000-0000-0000-000000000005', 3500.0000, '1f4f9f1a-2b7f-4d2c-8cf6-56d5b92f1a01', '2026-02-23 00:47:24.717917+00', '2026-02-23 00:47:24.717917+00', NULL) ON CONFLICT DO NOTHING;
INSERT INTO public.lista_precio_items ("Id", "ListaPrecioId", "ProductoId", "Precio", "TenantId", "CreatedAt", "UpdatedAt", "DeletedAt") VALUES ('291153ca-8f1c-4960-b2fe-984aee17d4d3', 'd0010000-0000-0000-0000-000000000001', 'a0010000-0000-0000-0000-000000000006', 1200.0000, '1f4f9f1a-2b7f-4d2c-8cf6-56d5b92f1a01', '2026-02-23 00:47:24.717917+00', '2026-02-23 00:47:24.717917+00', NULL) ON CONFLICT DO NOTHING;
INSERT INTO public.lista_precio_items ("Id", "ListaPrecioId", "ProductoId", "Precio", "TenantId", "CreatedAt", "UpdatedAt", "DeletedAt") VALUES ('79670e3f-efb8-49dd-94dc-159121ccba81', 'd0010000-0000-0000-0000-000000000001', 'a0010000-0000-0000-0000-000000000010', 4550.0000, '1f4f9f1a-2b7f-4d2c-8cf6-56d5b92f1a01', '2026-02-23 00:47:24.717917+00', '2026-02-23 00:47:24.717917+00', NULL) ON CONFLICT DO NOTHING;
INSERT INTO public.lista_precio_items ("Id", "ListaPrecioId", "ProductoId", "Precio", "TenantId", "CreatedAt", "UpdatedAt", "DeletedAt") VALUES ('f52a75c5-b6b4-4a0d-a2fc-198e62c252cb', 'd0010000-0000-0000-0000-000000000001', 'a0010000-0000-0000-0000-000000000007', 1450.0000, '1f4f9f1a-2b7f-4d2c-8cf6-56d5b92f1a01', '2026-02-23 00:47:24.717917+00', '2026-02-23 00:47:24.717917+00', NULL) ON CONFLICT DO NOTHING;
INSERT INTO public.lista_precio_items ("Id", "ListaPrecioId", "ProductoId", "Precio", "TenantId", "CreatedAt", "UpdatedAt", "DeletedAt") VALUES ('5cca8bdb-10f4-4527-91e9-9fd1bb642cc5', 'd0010000-0000-0000-0000-000000000001', 'a0010000-0000-0000-0000-000000000008', 1800.0000, '1f4f9f1a-2b7f-4d2c-8cf6-56d5b92f1a01', '2026-02-23 00:47:24.717917+00', '2026-02-23 00:47:24.717917+00', NULL) ON CONFLICT DO NOTHING;
INSERT INTO public.lista_precio_items ("Id", "ListaPrecioId", "ProductoId", "Precio", "TenantId", "CreatedAt", "UpdatedAt", "DeletedAt") VALUES ('acdd95ce-f2ad-487d-92ef-cf399774939b', 'd0010000-0000-0000-0000-000000000001', 'a0010000-0000-0000-0000-000000000009', 3200.0000, '1f4f9f1a-2b7f-4d2c-8cf6-56d5b92f1a01', '2026-02-23 00:47:24.717917+00', '2026-02-23 00:47:24.717917+00', NULL) ON CONFLICT DO NOTHING;
INSERT INTO public.lista_precio_items ("Id", "ListaPrecioId", "ProductoId", "Precio", "TenantId", "CreatedAt", "UpdatedAt", "DeletedAt") VALUES ('11b07bc9-77dc-470b-8e54-2e160582de19', 'd0010000-0000-0000-0000-000000000002', 'a0010000-0000-0000-0000-000000000002', 8624.0000, '1f4f9f1a-2b7f-4d2c-8cf6-56d5b92f1a01', '2026-02-23 00:47:24.717917+00', '2026-02-23 00:47:24.717917+00', NULL) ON CONFLICT DO NOTHING;
INSERT INTO public.lista_precio_items ("Id", "ListaPrecioId", "ProductoId", "Precio", "TenantId", "CreatedAt", "UpdatedAt", "DeletedAt") VALUES ('aaa6be7c-7086-4c19-98b8-4b74b6eaedf1', 'd0010000-0000-0000-0000-000000000002', 'a0010000-0000-0000-0000-000000000001', 1372.8000, '1f4f9f1a-2b7f-4d2c-8cf6-56d5b92f1a01', '2026-02-23 00:47:24.717917+00', '2026-02-23 00:47:24.717917+00', NULL) ON CONFLICT DO NOTHING;
INSERT INTO public.lista_precio_items ("Id", "ListaPrecioId", "ProductoId", "Precio", "TenantId", "CreatedAt", "UpdatedAt", "DeletedAt") VALUES ('5dca58c2-7db6-4e33-80b6-fe43f80fa63e', 'd0010000-0000-0000-0000-000000000002', 'a0010000-0000-0000-0000-000000000003', 1315.6000, '1f4f9f1a-2b7f-4d2c-8cf6-56d5b92f1a01', '2026-02-23 00:47:24.717917+00', '2026-02-23 00:47:24.717917+00', NULL) ON CONFLICT DO NOTHING;
INSERT INTO public.lista_precio_items ("Id", "ListaPrecioId", "ProductoId", "Precio", "TenantId", "CreatedAt", "UpdatedAt", "DeletedAt") VALUES ('41b7ba4e-eac7-4f3a-b623-a4c4479cf001', 'd0010000-0000-0000-0000-000000000002', 'a0010000-0000-0000-0000-000000000004', 792.0000, '1f4f9f1a-2b7f-4d2c-8cf6-56d5b92f1a01', '2026-02-23 00:47:24.717917+00', '2026-02-23 00:47:24.717917+00', NULL) ON CONFLICT DO NOTHING;
INSERT INTO public.lista_precio_items ("Id", "ListaPrecioId", "ProductoId", "Precio", "TenantId", "CreatedAt", "UpdatedAt", "DeletedAt") VALUES ('cd9bf41b-a44f-49e3-b8b5-66f90cf9898f', 'd0010000-0000-0000-0000-000000000002', 'a0010000-0000-0000-0000-000000000005', 3080.0000, '1f4f9f1a-2b7f-4d2c-8cf6-56d5b92f1a01', '2026-02-23 00:47:24.717917+00', '2026-02-23 00:47:24.717917+00', NULL) ON CONFLICT DO NOTHING;
INSERT INTO public.lista_precio_items ("Id", "ListaPrecioId", "ProductoId", "Precio", "TenantId", "CreatedAt", "UpdatedAt", "DeletedAt") VALUES ('7966b57d-34a8-49a2-8c91-45cf1c06d84f', 'd0010000-0000-0000-0000-000000000002', 'a0010000-0000-0000-0000-000000000006', 1056.0000, '1f4f9f1a-2b7f-4d2c-8cf6-56d5b92f1a01', '2026-02-23 00:47:24.717917+00', '2026-02-23 00:47:24.717917+00', NULL) ON CONFLICT DO NOTHING;
INSERT INTO public.lista_precio_items ("Id", "ListaPrecioId", "ProductoId", "Precio", "TenantId", "CreatedAt", "UpdatedAt", "DeletedAt") VALUES ('c8c6cd15-efc2-4f11-b365-f74c73ccd5e7', 'd0010000-0000-0000-0000-000000000002', 'a0010000-0000-0000-0000-000000000010', 4004.0000, '1f4f9f1a-2b7f-4d2c-8cf6-56d5b92f1a01', '2026-02-23 00:47:24.717917+00', '2026-02-23 00:47:24.717917+00', NULL) ON CONFLICT DO NOTHING;
INSERT INTO public.lista_precio_items ("Id", "ListaPrecioId", "ProductoId", "Precio", "TenantId", "CreatedAt", "UpdatedAt", "DeletedAt") VALUES ('7c4a3cbb-f4c8-4708-a457-7dd3a4fe41e5', 'd0010000-0000-0000-0000-000000000002', 'a0010000-0000-0000-0000-000000000007', 1276.0000, '1f4f9f1a-2b7f-4d2c-8cf6-56d5b92f1a01', '2026-02-23 00:47:24.717917+00', '2026-02-23 00:47:24.717917+00', NULL) ON CONFLICT DO NOTHING;
INSERT INTO public.lista_precio_items ("Id", "ListaPrecioId", "ProductoId", "Precio", "TenantId", "CreatedAt", "UpdatedAt", "DeletedAt") VALUES ('a686eb51-6a3a-47c8-ade7-8f4495616e8e', 'd0010000-0000-0000-0000-000000000002', 'a0010000-0000-0000-0000-000000000008', 1584.0000, '1f4f9f1a-2b7f-4d2c-8cf6-56d5b92f1a01', '2026-02-23 00:47:24.717917+00', '2026-02-23 00:47:24.717917+00', NULL) ON CONFLICT DO NOTHING;
INSERT INTO public.lista_precio_items ("Id", "ListaPrecioId", "ProductoId", "Precio", "TenantId", "CreatedAt", "UpdatedAt", "DeletedAt") VALUES ('06254aee-a967-48d7-bf44-eb72263da6cb', 'd0010000-0000-0000-0000-000000000002', 'a0010000-0000-0000-0000-000000000009', 2816.0000, '1f4f9f1a-2b7f-4d2c-8cf6-56d5b92f1a01', '2026-02-23 00:47:24.717917+00', '2026-02-23 00:47:24.717917+00', NULL) ON CONFLICT DO NOTHING;
INSERT INTO public.nota_credito_interna ("Id", "SucursalId", "DevolucionId", "Total", "Motivo", "TenantId", "CreatedAt", "UpdatedAt", "DeletedAt") VALUES ('aa030000-0000-0000-0000-000000000001', '3b58fbc1-33f3-4e7e-9a34-9a0a3cf3c7a1', 'aa010000-0000-0000-0000-000000000001', 1560.0000, 'Nota de credito por devolucion', '1f4f9f1a-2b7f-4d2c-8cf6-56d5b92f1a01', '2026-02-23 00:47:24.717917+00', '2026-02-23 00:47:24.717917+00', NULL) ON CONFLICT DO NOTHING;
INSERT INTO public.ordenes_compra ("Id", "SucursalId", "ProveedorId", "Estado", "TenantId", "CreatedAt", "UpdatedAt", "DeletedAt") VALUES ('a9010000-0000-0000-0000-000000000001', '3b58fbc1-33f3-4e7e-9a34-9a0a3cf3c7a1', '92222222-2222-2222-2222-222222222222', 2, '1f4f9f1a-2b7f-4d2c-8cf6-56d5b92f1a01', '2026-02-21 00:47:24.717917+00', '2026-02-22 00:47:24.717917+00', NULL) ON CONFLICT DO NOTHING;
INSERT INTO public.orden_compra_items ("Id", "OrdenCompraId", "ProductoId", "Cantidad", "TenantId", "CreatedAt", "UpdatedAt", "DeletedAt") VALUES ('a9020000-0000-0000-0000-000000000001', 'a9010000-0000-0000-0000-000000000001', 'a0010000-0000-0000-0000-000000000005', 20.0000, '1f4f9f1a-2b7f-4d2c-8cf6-56d5b92f1a01', '2026-02-23 00:47:24.717917+00', '2026-02-23 00:47:24.717917+00', NULL) ON CONFLICT DO NOTHING;
INSERT INTO public.orden_compra_items ("Id", "OrdenCompraId", "ProductoId", "Cantidad", "TenantId", "CreatedAt", "UpdatedAt", "DeletedAt") VALUES ('a9020000-0000-0000-0000-000000000002', 'a9010000-0000-0000-0000-000000000001', 'a0010000-0000-0000-0000-000000000006', 30.0000, '1f4f9f1a-2b7f-4d2c-8cf6-56d5b92f1a01', '2026-02-23 00:47:24.717917+00', '2026-02-23 00:47:24.717917+00', NULL) ON CONFLICT DO NOTHING;
INSERT INTO public.permisos ("Id", "Code", "Description", "TenantId", "CreatedAt", "UpdatedAt", "DeletedAt") VALUES ('d1d7a221-4b7b-4d6f-bb2f-0a01f0e1a001', 'VENTA_CREAR', 'Crear venta', '1f4f9f1a-2b7f-4d2c-8cf6-56d5b92f1a01', '2026-02-23 00:47:24.717917+00', '2026-02-23 00:47:24.717917+00', NULL) ON CONFLICT DO NOTHING;
INSERT INTO public.permisos ("Id", "Code", "Description", "TenantId", "CreatedAt", "UpdatedAt", "DeletedAt") VALUES ('d1d7a221-4b7b-4d6f-bb2f-0a01f0e1a002', 'VENTA_CONFIRMAR', 'Confirmar venta', '1f4f9f1a-2b7f-4d2c-8cf6-56d5b92f1a01', '2026-02-23 00:47:24.717917+00', '2026-02-23 00:47:24.717917+00', NULL) ON CONFLICT DO NOTHING;
INSERT INTO public.permisos ("Id", "Code", "Description", "TenantId", "CreatedAt", "UpdatedAt", "DeletedAt") VALUES ('d1d7a221-4b7b-4d6f-bb2f-0a01f0e1a003', 'VENTA_ANULAR', 'Anular venta', '1f4f9f1a-2b7f-4d2c-8cf6-56d5b92f1a01', '2026-02-23 00:47:24.717917+00', '2026-02-23 00:47:24.717917+00', NULL) ON CONFLICT DO NOTHING;
INSERT INTO public.permisos ("Id", "Code", "Description", "TenantId", "CreatedAt", "UpdatedAt", "DeletedAt") VALUES ('d1d7a221-4b7b-4d6f-bb2f-0a01f0e1a004', 'DEVOLUCION_REGISTRAR', 'Registrar devolucion', '1f4f9f1a-2b7f-4d2c-8cf6-56d5b92f1a01', '2026-02-23 00:47:24.717917+00', '2026-02-23 00:47:24.717917+00', NULL) ON CONFLICT DO NOTHING;
INSERT INTO public.permisos ("Id", "Code", "Description", "TenantId", "CreatedAt", "UpdatedAt", "DeletedAt") VALUES ('d1d7a221-4b7b-4d6f-bb2f-0a01f0e1a005', 'CAJA_ABRIR', 'Abrir caja', '1f4f9f1a-2b7f-4d2c-8cf6-56d5b92f1a01', '2026-02-23 00:47:24.717917+00', '2026-02-23 00:47:24.717917+00', NULL) ON CONFLICT DO NOTHING;
INSERT INTO public.permisos ("Id", "Code", "Description", "TenantId", "CreatedAt", "UpdatedAt", "DeletedAt") VALUES ('d1d7a221-4b7b-4d6f-bb2f-0a01f0e1a006', 'CAJA_CERRAR', 'Cerrar caja', '1f4f9f1a-2b7f-4d2c-8cf6-56d5b92f1a01', '2026-02-23 00:47:24.717917+00', '2026-02-23 00:47:24.717917+00', NULL) ON CONFLICT DO NOTHING;
INSERT INTO public.permisos ("Id", "Code", "Description", "TenantId", "CreatedAt", "UpdatedAt", "DeletedAt") VALUES ('d1d7a221-4b7b-4d6f-bb2f-0a01f0e1a007', 'STOCK_AJUSTAR', 'Ajustar stock', '1f4f9f1a-2b7f-4d2c-8cf6-56d5b92f1a01', '2026-02-23 00:47:24.717917+00', '2026-02-23 00:47:24.717917+00', NULL) ON CONFLICT DO NOTHING;
INSERT INTO public.permisos ("Id", "Code", "Description", "TenantId", "CreatedAt", "UpdatedAt", "DeletedAt") VALUES ('d1d7a221-4b7b-4d6f-bb2f-0a01f0e1a008', 'PRODUCTO_VER', 'Ver productos', '1f4f9f1a-2b7f-4d2c-8cf6-56d5b92f1a01', '2026-02-23 00:47:24.717917+00', '2026-02-23 00:47:24.717917+00', NULL) ON CONFLICT DO NOTHING;
INSERT INTO public.permisos ("Id", "Code", "Description", "TenantId", "CreatedAt", "UpdatedAt", "DeletedAt") VALUES ('d1d7a221-4b7b-4d6f-bb2f-0a01f0e1a009', 'PRODUCTO_EDITAR', 'Editar productos', '1f4f9f1a-2b7f-4d2c-8cf6-56d5b92f1a01', '2026-02-23 00:47:24.717917+00', '2026-02-23 00:47:24.717917+00', NULL) ON CONFLICT DO NOTHING;
INSERT INTO public.permisos ("Id", "Code", "Description", "TenantId", "CreatedAt", "UpdatedAt", "DeletedAt") VALUES ('d1d7a221-4b7b-4d6f-bb2f-0a01f0e1a010', 'USUARIO_ADMIN', 'Administrar usuarios', '1f4f9f1a-2b7f-4d2c-8cf6-56d5b92f1a01', '2026-02-23 00:47:24.717917+00', '2026-02-23 00:47:24.717917+00', NULL) ON CONFLICT DO NOTHING;
INSERT INTO public.permisos ("Id", "Code", "Description", "TenantId", "CreatedAt", "UpdatedAt", "DeletedAt") VALUES ('d1d7a221-4b7b-4d6f-bb2f-0a01f0e1a011', 'REPORTES_VER', 'Ver reportes', '1f4f9f1a-2b7f-4d2c-8cf6-56d5b92f1a01', '2026-02-23 00:47:24.717917+00', '2026-02-23 00:47:24.717917+00', NULL) ON CONFLICT DO NOTHING;
INSERT INTO public.permisos ("Id", "Code", "Description", "TenantId", "CreatedAt", "UpdatedAt", "DeletedAt") VALUES ('d1d7a221-4b7b-4d6f-bb2f-0a01f0e1a012', 'CLIENTE_GESTIONAR', 'Gestionar clientes', '1f4f9f1a-2b7f-4d2c-8cf6-56d5b92f1a01', '2026-02-23 00:47:24.717917+00', '2026-02-23 00:47:24.717917+00', NULL) ON CONFLICT DO NOTHING;
INSERT INTO public.permisos ("Id", "Code", "Description", "TenantId", "CreatedAt", "UpdatedAt", "DeletedAt") VALUES ('d1d7a221-4b7b-4d6f-bb2f-0a01f0e1a013', 'PROVEEDOR_GESTIONAR', 'Gestionar proveedores', '1f4f9f1a-2b7f-4d2c-8cf6-56d5b92f1a01', '2026-02-23 00:47:24.717917+00', '2026-02-23 00:47:24.717917+00', NULL) ON CONFLICT DO NOTHING;
INSERT INTO public.permisos ("Id", "Code", "Description", "TenantId", "CreatedAt", "UpdatedAt", "DeletedAt") VALUES ('d1d7a221-4b7b-4d6f-bb2f-0a01f0e1a014', 'COMPRAS_REGISTRAR', 'Registrar compras', '1f4f9f1a-2b7f-4d2c-8cf6-56d5b92f1a01', '2026-02-23 00:47:24.717917+00', '2026-02-23 00:47:24.717917+00', NULL) ON CONFLICT DO NOTHING;
INSERT INTO public.permisos ("Id", "Code", "Description", "TenantId", "CreatedAt", "UpdatedAt", "DeletedAt") VALUES ('d1d7a221-4b7b-4d6f-bb2f-0a01f0e1a015', 'CONFIGURACION_VER', 'Ver configuracion', '1f4f9f1a-2b7f-4d2c-8cf6-56d5b92f1a01', '2026-02-23 00:47:24.717917+00', '2026-02-23 00:47:24.717917+00', NULL) ON CONFLICT DO NOTHING;
INSERT INTO public.permisos ("Id", "Code", "Description", "TenantId", "CreatedAt", "UpdatedAt", "DeletedAt") VALUES ('d1d7a221-4b7b-4d6f-bb2f-0a01f0e1a016', 'CAJA_MOVIMIENTO', 'Movimientos de caja', '1f4f9f1a-2b7f-4d2c-8cf6-56d5b92f1a01', '2026-02-23 00:47:24.717917+00', '2026-02-23 00:47:24.717917+00', NULL) ON CONFLICT DO NOTHING;
INSERT INTO public.pre_recepciones ("Id", "SucursalId", "DocumentoCompraId", "TenantId", "CreatedAt", "UpdatedAt", "DeletedAt") VALUES ('a9050000-0000-0000-0000-000000000001', '3b58fbc1-33f3-4e7e-9a34-9a0a3cf3c7a1', 'a9030000-0000-0000-0000-000000000001', '1f4f9f1a-2b7f-4d2c-8cf6-56d5b92f1a01', '2026-02-23 00:47:24.717917+00', '2026-02-23 00:47:24.717917+00', NULL) ON CONFLICT DO NOTHING;
INSERT INTO public.pre_recepcion_items ("Id", "PreRecepcionId", "DocumentoCompraItemId", "Codigo", "Descripcion", "Cantidad", "CostoUnitario", "ProductoId", "Estado", "TenantId", "CreatedAt", "UpdatedAt", "DeletedAt") VALUES ('a9060000-0000-0000-0000-000000000001', 'a9050000-0000-0000-0000-000000000001', 'a9040000-0000-0000-0000-000000000001', '7791234560001', 'Yerba 1kg', 20.0000, 2400.0000, 'a0010000-0000-0000-0000-000000000005', 1, '1f4f9f1a-2b7f-4d2c-8cf6-56d5b92f1a01', '2026-02-23 00:47:24.717917+00', '2026-02-23 00:47:24.717917+00', NULL) ON CONFLICT DO NOTHING;
INSERT INTO public.pre_recepcion_items ("Id", "PreRecepcionId", "DocumentoCompraItemId", "Codigo", "Descripcion", "Cantidad", "CostoUnitario", "ProductoId", "Estado", "TenantId", "CreatedAt", "UpdatedAt", "DeletedAt") VALUES ('a9060000-0000-0000-0000-000000000002', 'a9050000-0000-0000-0000-000000000001', 'a9040000-0000-0000-0000-000000000002', '7791234560002', 'Azucar 1kg', 30.0000, 800.0000, 'a0010000-0000-0000-0000-000000000006', 1, '1f4f9f1a-2b7f-4d2c-8cf6-56d5b92f1a01', '2026-02-23 00:47:24.717917+00', '2026-02-23 00:47:24.717917+00', NULL) ON CONFLICT DO NOTHING;
INSERT INTO public.producto_codigos ("Id", "ProductoId", "Codigo", "TenantId", "CreatedAt", "UpdatedAt", "DeletedAt") VALUES ('e67139ea-62e7-4846-90cd-f52fd20aebe6', 'a0010000-0000-0000-0000-000000000002', '7790290101010', '1f4f9f1a-2b7f-4d2c-8cf6-56d5b92f1a01', '2026-02-23 00:47:24.717917+00', '2026-02-23 00:47:24.717917+00', NULL) ON CONFLICT DO NOTHING;
INSERT INTO public.producto_codigos ("Id", "ProductoId", "Codigo", "TenantId", "CreatedAt", "UpdatedAt", "DeletedAt") VALUES ('2e49ae5d-a08c-40f2-8a73-0c50cd00637a', 'a0010000-0000-0000-0000-000000000001', '7790895000011', '1f4f9f1a-2b7f-4d2c-8cf6-56d5b92f1a01', '2026-02-23 00:47:24.717917+00', '2026-02-23 00:47:24.717917+00', NULL) ON CONFLICT DO NOTHING;
INSERT INTO public.producto_codigos ("Id", "ProductoId", "Codigo", "TenantId", "CreatedAt", "UpdatedAt", "DeletedAt") VALUES ('1688ee1d-b3a5-481a-832c-7432d6fc2ec8', 'a0010000-0000-0000-0000-000000000003', '7790895000028', '1f4f9f1a-2b7f-4d2c-8cf6-56d5b92f1a01', '2026-02-23 00:47:24.717917+00', '2026-02-23 00:47:24.717917+00', NULL) ON CONFLICT DO NOTHING;
INSERT INTO public.producto_codigos ("Id", "ProductoId", "Codigo", "TenantId", "CreatedAt", "UpdatedAt", "DeletedAt") VALUES ('4b64e109-0f73-4028-92d1-4eb5bde3d8df', 'a0010000-0000-0000-0000-000000000004', '7791234000001', '1f4f9f1a-2b7f-4d2c-8cf6-56d5b92f1a01', '2026-02-23 00:47:24.717917+00', '2026-02-23 00:47:24.717917+00', NULL) ON CONFLICT DO NOTHING;
INSERT INTO public.producto_codigos ("Id", "ProductoId", "Codigo", "TenantId", "CreatedAt", "UpdatedAt", "DeletedAt") VALUES ('7440e1ea-e47b-4c74-ad52-65593a5775cd', 'a0010000-0000-0000-0000-000000000005', '7791234560001', '1f4f9f1a-2b7f-4d2c-8cf6-56d5b92f1a01', '2026-02-23 00:47:24.717917+00', '2026-02-23 00:47:24.717917+00', NULL) ON CONFLICT DO NOTHING;
INSERT INTO public.producto_codigos ("Id", "ProductoId", "Codigo", "TenantId", "CreatedAt", "UpdatedAt", "DeletedAt") VALUES ('6abea84d-a0c3-47ee-95c2-00dd66190c13', 'a0010000-0000-0000-0000-000000000006', '7791234560002', '1f4f9f1a-2b7f-4d2c-8cf6-56d5b92f1a01', '2026-02-23 00:47:24.717917+00', '2026-02-23 00:47:24.717917+00', NULL) ON CONFLICT DO NOTHING;
INSERT INTO public.producto_codigos ("Id", "ProductoId", "Codigo", "TenantId", "CreatedAt", "UpdatedAt", "DeletedAt") VALUES ('7fbfbf77-ed36-4c7c-a38b-969342be0db2', 'a0010000-0000-0000-0000-000000000010', '7791293020297', '1f4f9f1a-2b7f-4d2c-8cf6-56d5b92f1a01', '2026-02-23 00:47:24.717917+00', '2026-02-23 00:47:24.717917+00', NULL) ON CONFLICT DO NOTHING;
INSERT INTO public.producto_codigos ("Id", "ProductoId", "Codigo", "TenantId", "CreatedAt", "UpdatedAt", "DeletedAt") VALUES ('2c745057-2e3a-4231-94b8-f0aef9060938', 'a0010000-0000-0000-0000-000000000007', '7794000000001', '1f4f9f1a-2b7f-4d2c-8cf6-56d5b92f1a01', '2026-02-23 00:47:24.717917+00', '2026-02-23 00:47:24.717917+00', NULL) ON CONFLICT DO NOTHING;
INSERT INTO public.producto_codigos ("Id", "ProductoId", "Codigo", "TenantId", "CreatedAt", "UpdatedAt", "DeletedAt") VALUES ('0f3818b0-c02b-4168-80ca-7f7186a58470', 'a0010000-0000-0000-0000-000000000008', '7794000000002', '1f4f9f1a-2b7f-4d2c-8cf6-56d5b92f1a01', '2026-02-23 00:47:24.717917+00', '2026-02-23 00:47:24.717917+00', NULL) ON CONFLICT DO NOTHING;
INSERT INTO public.producto_codigos ("Id", "ProductoId", "Codigo", "TenantId", "CreatedAt", "UpdatedAt", "DeletedAt") VALUES ('853116b6-4b04-4943-b55c-511658d1b945', 'a0010000-0000-0000-0000-000000000009', '7794000000003', '1f4f9f1a-2b7f-4d2c-8cf6-56d5b92f1a01', '2026-02-23 00:47:24.717917+00', '2026-02-23 00:47:24.717917+00', NULL) ON CONFLICT DO NOTHING;
INSERT INTO public.producto_proveedor ("Id", "ProductoId", "ProveedorId", "EsPrincipal", "TenantId", "CreatedAt", "UpdatedAt", "DeletedAt") VALUES ('b0010000-0000-0000-0000-000000000001', 'a0010000-0000-0000-0000-000000000001', '91111111-1111-1111-1111-111111111111', true, '1f4f9f1a-2b7f-4d2c-8cf6-56d5b92f1a01', '2026-02-23 00:47:24.717917+00', '2026-02-23 00:47:24.717917+00', NULL) ON CONFLICT DO NOTHING;
INSERT INTO public.producto_proveedor ("Id", "ProductoId", "ProveedorId", "EsPrincipal", "TenantId", "CreatedAt", "UpdatedAt", "DeletedAt") VALUES ('b0010000-0000-0000-0000-000000000002', 'a0010000-0000-0000-0000-000000000002', '93333333-3333-3333-3333-333333333333', true, '1f4f9f1a-2b7f-4d2c-8cf6-56d5b92f1a01', '2026-02-23 00:47:24.717917+00', '2026-02-23 00:47:24.717917+00', NULL) ON CONFLICT DO NOTHING;
INSERT INTO public.producto_proveedor ("Id", "ProductoId", "ProveedorId", "EsPrincipal", "TenantId", "CreatedAt", "UpdatedAt", "DeletedAt") VALUES ('b0010000-0000-0000-0000-000000000003', 'a0010000-0000-0000-0000-000000000003', '91111111-1111-1111-1111-111111111111', true, '1f4f9f1a-2b7f-4d2c-8cf6-56d5b92f1a01', '2026-02-23 00:47:24.717917+00', '2026-02-23 00:47:24.717917+00', NULL) ON CONFLICT DO NOTHING;
INSERT INTO public.producto_proveedor ("Id", "ProductoId", "ProveedorId", "EsPrincipal", "TenantId", "CreatedAt", "UpdatedAt", "DeletedAt") VALUES ('b0010000-0000-0000-0000-000000000004', 'a0010000-0000-0000-0000-000000000004', '92222222-2222-2222-2222-222222222222', true, '1f4f9f1a-2b7f-4d2c-8cf6-56d5b92f1a01', '2026-02-23 00:47:24.717917+00', '2026-02-23 00:47:24.717917+00', NULL) ON CONFLICT DO NOTHING;
INSERT INTO public.producto_proveedor ("Id", "ProductoId", "ProveedorId", "EsPrincipal", "TenantId", "CreatedAt", "UpdatedAt", "DeletedAt") VALUES ('b0010000-0000-0000-0000-000000000005', 'a0010000-0000-0000-0000-000000000005', '92222222-2222-2222-2222-222222222222', true, '1f4f9f1a-2b7f-4d2c-8cf6-56d5b92f1a01', '2026-02-23 00:47:24.717917+00', '2026-02-23 00:47:24.717917+00', NULL) ON CONFLICT DO NOTHING;
INSERT INTO public.producto_proveedor ("Id", "ProductoId", "ProveedorId", "EsPrincipal", "TenantId", "CreatedAt", "UpdatedAt", "DeletedAt") VALUES ('b0010000-0000-0000-0000-000000000006', 'a0010000-0000-0000-0000-000000000006', '92222222-2222-2222-2222-222222222222', true, '1f4f9f1a-2b7f-4d2c-8cf6-56d5b92f1a01', '2026-02-23 00:47:24.717917+00', '2026-02-23 00:47:24.717917+00', NULL) ON CONFLICT DO NOTHING;
INSERT INTO public.producto_proveedor ("Id", "ProductoId", "ProveedorId", "EsPrincipal", "TenantId", "CreatedAt", "UpdatedAt", "DeletedAt") VALUES ('b0010000-0000-0000-0000-000000000007', 'a0010000-0000-0000-0000-000000000007', '94444444-4444-4444-4444-444444444444', true, '1f4f9f1a-2b7f-4d2c-8cf6-56d5b92f1a01', '2026-02-23 00:47:24.717917+00', '2026-02-23 00:47:24.717917+00', NULL) ON CONFLICT DO NOTHING;
INSERT INTO public.producto_proveedor ("Id", "ProductoId", "ProveedorId", "EsPrincipal", "TenantId", "CreatedAt", "UpdatedAt", "DeletedAt") VALUES ('b0010000-0000-0000-0000-000000000008', 'a0010000-0000-0000-0000-000000000008', '94444444-4444-4444-4444-444444444444', true, '1f4f9f1a-2b7f-4d2c-8cf6-56d5b92f1a01', '2026-02-23 00:47:24.717917+00', '2026-02-23 00:47:24.717917+00', NULL) ON CONFLICT DO NOTHING;
INSERT INTO public.producto_proveedor ("Id", "ProductoId", "ProveedorId", "EsPrincipal", "TenantId", "CreatedAt", "UpdatedAt", "DeletedAt") VALUES ('b0010000-0000-0000-0000-000000000009', 'a0010000-0000-0000-0000-000000000009', '94444444-4444-4444-4444-444444444444', true, '1f4f9f1a-2b7f-4d2c-8cf6-56d5b92f1a01', '2026-02-23 00:47:24.717917+00', '2026-02-23 00:47:24.717917+00', NULL) ON CONFLICT DO NOTHING;
INSERT INTO public.producto_proveedor ("Id", "ProductoId", "ProveedorId", "EsPrincipal", "TenantId", "CreatedAt", "UpdatedAt", "DeletedAt") VALUES ('b0010000-0000-0000-0000-000000000010', 'a0010000-0000-0000-0000-000000000010', '94444444-4444-4444-4444-444444444444', true, '1f4f9f1a-2b7f-4d2c-8cf6-56d5b92f1a01', '2026-02-23 00:47:24.717917+00', '2026-02-23 00:47:24.717917+00', NULL) ON CONFLICT DO NOTHING;
INSERT INTO public.producto_stock_config ("Id", "ProductoId", "SucursalId", "StockMinimo", stockdeseado, "ToleranciaPct", "TenantId", "CreatedAt", "UpdatedAt", "DeletedAt") VALUES ('46ba36ee-9c14-444f-ae4d-77c8dde5143b', 'a0010000-0000-0000-0000-000000000002', '3b58fbc1-33f3-4e7e-9a34-9a0a3cf3c7a1', 10.0000, 30.0000, 20.00, '1f4f9f1a-2b7f-4d2c-8cf6-56d5b92f1a01', '2026-02-23 00:47:24.717917+00', '2026-02-23 00:47:24.717917+00', NULL) ON CONFLICT DO NOTHING;
INSERT INTO public.producto_stock_config ("Id", "ProductoId", "SucursalId", "StockMinimo", stockdeseado, "ToleranciaPct", "TenantId", "CreatedAt", "UpdatedAt", "DeletedAt") VALUES ('008f555a-b7c0-4b06-aa41-a82fd6471d73', 'a0010000-0000-0000-0000-000000000001', '3b58fbc1-33f3-4e7e-9a34-9a0a3cf3c7a1', 10.0000, 30.0000, 20.00, '1f4f9f1a-2b7f-4d2c-8cf6-56d5b92f1a01', '2026-02-23 00:47:24.717917+00', '2026-02-23 00:47:24.717917+00', NULL) ON CONFLICT DO NOTHING;
INSERT INTO public.producto_stock_config ("Id", "ProductoId", "SucursalId", "StockMinimo", stockdeseado, "ToleranciaPct", "TenantId", "CreatedAt", "UpdatedAt", "DeletedAt") VALUES ('43e4e10d-4f62-456b-8e7e-10a1fafa9384', 'a0010000-0000-0000-0000-000000000003', '3b58fbc1-33f3-4e7e-9a34-9a0a3cf3c7a1', 10.0000, 30.0000, 20.00, '1f4f9f1a-2b7f-4d2c-8cf6-56d5b92f1a01', '2026-02-23 00:47:24.717917+00', '2026-02-23 00:47:24.717917+00', NULL) ON CONFLICT DO NOTHING;
INSERT INTO public.producto_stock_config ("Id", "ProductoId", "SucursalId", "StockMinimo", stockdeseado, "ToleranciaPct", "TenantId", "CreatedAt", "UpdatedAt", "DeletedAt") VALUES ('2085a8b0-b719-4013-8d62-69c580ed3bc4', 'a0010000-0000-0000-0000-000000000004', '3b58fbc1-33f3-4e7e-9a34-9a0a3cf3c7a1', 10.0000, 30.0000, 20.00, '1f4f9f1a-2b7f-4d2c-8cf6-56d5b92f1a01', '2026-02-23 00:47:24.717917+00', '2026-02-23 00:47:24.717917+00', NULL) ON CONFLICT DO NOTHING;
INSERT INTO public.producto_stock_config ("Id", "ProductoId", "SucursalId", "StockMinimo", stockdeseado, "ToleranciaPct", "TenantId", "CreatedAt", "UpdatedAt", "DeletedAt") VALUES ('c6d21cae-e0ce-4082-89db-f358a0d6e487', 'a0010000-0000-0000-0000-000000000005', '3b58fbc1-33f3-4e7e-9a34-9a0a3cf3c7a1', 10.0000, 30.0000, 20.00, '1f4f9f1a-2b7f-4d2c-8cf6-56d5b92f1a01', '2026-02-23 00:47:24.717917+00', '2026-02-23 00:47:24.717917+00', NULL) ON CONFLICT DO NOTHING;
INSERT INTO public.producto_stock_config ("Id", "ProductoId", "SucursalId", "StockMinimo", stockdeseado, "ToleranciaPct", "TenantId", "CreatedAt", "UpdatedAt", "DeletedAt") VALUES ('68f55545-d095-486b-9425-639a64c6689e', 'a0010000-0000-0000-0000-000000000006', '3b58fbc1-33f3-4e7e-9a34-9a0a3cf3c7a1', 10.0000, 30.0000, 20.00, '1f4f9f1a-2b7f-4d2c-8cf6-56d5b92f1a01', '2026-02-23 00:47:24.717917+00', '2026-02-23 00:47:24.717917+00', NULL) ON CONFLICT DO NOTHING;
INSERT INTO public.producto_stock_config ("Id", "ProductoId", "SucursalId", "StockMinimo", stockdeseado, "ToleranciaPct", "TenantId", "CreatedAt", "UpdatedAt", "DeletedAt") VALUES ('ce7a0aa4-95b5-4b89-ab94-c499e4a6dc96', 'a0010000-0000-0000-0000-000000000010', '3b58fbc1-33f3-4e7e-9a34-9a0a3cf3c7a1', 10.0000, 30.0000, 20.00, '1f4f9f1a-2b7f-4d2c-8cf6-56d5b92f1a01', '2026-02-23 00:47:24.717917+00', '2026-02-23 00:47:24.717917+00', NULL) ON CONFLICT DO NOTHING;
INSERT INTO public.producto_stock_config ("Id", "ProductoId", "SucursalId", "StockMinimo", stockdeseado, "ToleranciaPct", "TenantId", "CreatedAt", "UpdatedAt", "DeletedAt") VALUES ('04b9dfaf-2929-4068-8b37-fb94a9a4ce6f', 'a0010000-0000-0000-0000-000000000007', '3b58fbc1-33f3-4e7e-9a34-9a0a3cf3c7a1', 10.0000, 30.0000, 20.00, '1f4f9f1a-2b7f-4d2c-8cf6-56d5b92f1a01', '2026-02-23 00:47:24.717917+00', '2026-02-23 00:47:24.717917+00', NULL) ON CONFLICT DO NOTHING;
INSERT INTO public.producto_stock_config ("Id", "ProductoId", "SucursalId", "StockMinimo", stockdeseado, "ToleranciaPct", "TenantId", "CreatedAt", "UpdatedAt", "DeletedAt") VALUES ('ff871eb8-909b-44ae-bea3-e573a264f2e2', 'a0010000-0000-0000-0000-000000000008', '3b58fbc1-33f3-4e7e-9a34-9a0a3cf3c7a1', 10.0000, 30.0000, 20.00, '1f4f9f1a-2b7f-4d2c-8cf6-56d5b92f1a01', '2026-02-23 00:47:24.717917+00', '2026-02-23 00:47:24.717917+00', NULL) ON CONFLICT DO NOTHING;
INSERT INTO public.producto_stock_config ("Id", "ProductoId", "SucursalId", "StockMinimo", stockdeseado, "ToleranciaPct", "TenantId", "CreatedAt", "UpdatedAt", "DeletedAt") VALUES ('3bf4a186-1d5c-4d64-93f2-ea166c79fed8', 'a0010000-0000-0000-0000-000000000009', '3b58fbc1-33f3-4e7e-9a34-9a0a3cf3c7a1', 10.0000, 30.0000, 20.00, '1f4f9f1a-2b7f-4d2c-8cf6-56d5b92f1a01', '2026-02-23 00:47:24.717917+00', '2026-02-23 00:47:24.717917+00', NULL) ON CONFLICT DO NOTHING;
INSERT INTO public.recepciones ("Id", "SucursalId", "PreRecepcionId", "TenantId", "CreatedAt", "UpdatedAt", "DeletedAt") VALUES ('a9070000-0000-0000-0000-000000000001', '3b58fbc1-33f3-4e7e-9a34-9a0a3cf3c7a1', 'a9050000-0000-0000-0000-000000000001', '1f4f9f1a-2b7f-4d2c-8cf6-56d5b92f1a01', '2026-02-23 00:47:24.717917+00', '2026-02-23 00:47:24.717917+00', NULL) ON CONFLICT DO NOTHING;
INSERT INTO public.recepcion_items ("Id", "RecepcionId", "PreRecepcionItemId", "ProductoId", "Codigo", "Descripcion", "Cantidad", "CostoUnitario", "TenantId", "CreatedAt", "UpdatedAt", "DeletedAt") VALUES ('a9080000-0000-0000-0000-000000000001', 'a9070000-0000-0000-0000-000000000001', 'a9060000-0000-0000-0000-000000000001', 'a0010000-0000-0000-0000-000000000005', '7791234560001', 'Yerba 1kg', 20.0000, 2400.0000, '1f4f9f1a-2b7f-4d2c-8cf6-56d5b92f1a01', '2026-02-23 00:47:24.717917+00', '2026-02-23 00:47:24.717917+00', NULL) ON CONFLICT DO NOTHING;
INSERT INTO public.recepcion_items ("Id", "RecepcionId", "PreRecepcionItemId", "ProductoId", "Codigo", "Descripcion", "Cantidad", "CostoUnitario", "TenantId", "CreatedAt", "UpdatedAt", "DeletedAt") VALUES ('a9080000-0000-0000-0000-000000000002', 'a9070000-0000-0000-0000-000000000001', 'a9060000-0000-0000-0000-000000000002', 'a0010000-0000-0000-0000-000000000006', '7791234560002', 'Azucar 1kg', 30.0000, 800.0000, '1f4f9f1a-2b7f-4d2c-8cf6-56d5b92f1a01', '2026-02-23 00:47:24.717917+00', '2026-02-23 00:47:24.717917+00', NULL) ON CONFLICT DO NOTHING;
INSERT INTO public.roles ("Id", "Name", "TenantId", "CreatedAt", "UpdatedAt", "DeletedAt") VALUES ('5e7f1a0b-8f29-4b6f-93a0-2f7a9f2c7b01', 'CAJERO', '1f4f9f1a-2b7f-4d2c-8cf6-56d5b92f1a01', '2026-02-23 00:47:24.717917+00', '2026-02-23 00:47:24.717917+00', NULL) ON CONFLICT DO NOTHING;
INSERT INTO public.roles ("Id", "Name", "TenantId", "CreatedAt", "UpdatedAt", "DeletedAt") VALUES ('9b1b6f34-33d5-4a0c-9a11-0e2b9d5c1b02', 'ENCARGADO', '1f4f9f1a-2b7f-4d2c-8cf6-56d5b92f1a01', '2026-02-23 00:47:24.717917+00', '2026-02-23 00:47:24.717917+00', NULL) ON CONFLICT DO NOTHING;
INSERT INTO public.roles ("Id", "Name", "TenantId", "CreatedAt", "UpdatedAt", "DeletedAt") VALUES ('e1c5d7b9-6a28-4c79-8d1f-7d1b0f2e3a03', 'ADMIN', '1f4f9f1a-2b7f-4d2c-8cf6-56d5b92f1a01', '2026-02-23 00:47:24.717917+00', '2026-02-23 00:47:24.717917+00', NULL) ON CONFLICT DO NOTHING;
INSERT INTO public.rol_permisos ("Id", "RoleId", "PermissionId", "TenantId", "CreatedAt", "UpdatedAt", "DeletedAt") VALUES ('1937627a-c791-4091-8743-4d1ba0db3f51', 'e1c5d7b9-6a28-4c79-8d1f-7d1b0f2e3a03', 'd1d7a221-4b7b-4d6f-bb2f-0a01f0e1a005', '1f4f9f1a-2b7f-4d2c-8cf6-56d5b92f1a01', '2026-02-23 00:47:24.717917+00', '2026-02-23 00:47:24.717917+00', NULL) ON CONFLICT DO NOTHING;
INSERT INTO public.rol_permisos ("Id", "RoleId", "PermissionId", "TenantId", "CreatedAt", "UpdatedAt", "DeletedAt") VALUES ('faaac716-65ed-4ba2-a69b-a082f92a3124', 'e1c5d7b9-6a28-4c79-8d1f-7d1b0f2e3a03', 'd1d7a221-4b7b-4d6f-bb2f-0a01f0e1a006', '1f4f9f1a-2b7f-4d2c-8cf6-56d5b92f1a01', '2026-02-23 00:47:24.717917+00', '2026-02-23 00:47:24.717917+00', NULL) ON CONFLICT DO NOTHING;
INSERT INTO public.rol_permisos ("Id", "RoleId", "PermissionId", "TenantId", "CreatedAt", "UpdatedAt", "DeletedAt") VALUES ('2e2706be-cf41-4b0d-9f52-e3efeac45152', 'e1c5d7b9-6a28-4c79-8d1f-7d1b0f2e3a03', 'd1d7a221-4b7b-4d6f-bb2f-0a01f0e1a016', '1f4f9f1a-2b7f-4d2c-8cf6-56d5b92f1a01', '2026-02-23 00:47:24.717917+00', '2026-02-23 00:47:24.717917+00', NULL) ON CONFLICT DO NOTHING;
INSERT INTO public.rol_permisos ("Id", "RoleId", "PermissionId", "TenantId", "CreatedAt", "UpdatedAt", "DeletedAt") VALUES ('e3de8b69-44d2-487e-bccb-0d08b7c9b349', 'e1c5d7b9-6a28-4c79-8d1f-7d1b0f2e3a03', 'd1d7a221-4b7b-4d6f-bb2f-0a01f0e1a012', '1f4f9f1a-2b7f-4d2c-8cf6-56d5b92f1a01', '2026-02-23 00:47:24.717917+00', '2026-02-23 00:47:24.717917+00', NULL) ON CONFLICT DO NOTHING;
INSERT INTO public.rol_permisos ("Id", "RoleId", "PermissionId", "TenantId", "CreatedAt", "UpdatedAt", "DeletedAt") VALUES ('5f4eddfd-f8d3-4355-8b83-ed65cbb53274', 'e1c5d7b9-6a28-4c79-8d1f-7d1b0f2e3a03', 'd1d7a221-4b7b-4d6f-bb2f-0a01f0e1a014', '1f4f9f1a-2b7f-4d2c-8cf6-56d5b92f1a01', '2026-02-23 00:47:24.717917+00', '2026-02-23 00:47:24.717917+00', NULL) ON CONFLICT DO NOTHING;
INSERT INTO public.rol_permisos ("Id", "RoleId", "PermissionId", "TenantId", "CreatedAt", "UpdatedAt", "DeletedAt") VALUES ('661b588d-92c1-4378-b3bc-89ecbd20548e', 'e1c5d7b9-6a28-4c79-8d1f-7d1b0f2e3a03', 'd1d7a221-4b7b-4d6f-bb2f-0a01f0e1a015', '1f4f9f1a-2b7f-4d2c-8cf6-56d5b92f1a01', '2026-02-23 00:47:24.717917+00', '2026-02-23 00:47:24.717917+00', NULL) ON CONFLICT DO NOTHING;
INSERT INTO public.rol_permisos ("Id", "RoleId", "PermissionId", "TenantId", "CreatedAt", "UpdatedAt", "DeletedAt") VALUES ('0213007f-58dc-4f5a-8dc6-94c9dc6df6ae', 'e1c5d7b9-6a28-4c79-8d1f-7d1b0f2e3a03', 'd1d7a221-4b7b-4d6f-bb2f-0a01f0e1a004', '1f4f9f1a-2b7f-4d2c-8cf6-56d5b92f1a01', '2026-02-23 00:47:24.717917+00', '2026-02-23 00:47:24.717917+00', NULL) ON CONFLICT DO NOTHING;
INSERT INTO public.rol_permisos ("Id", "RoleId", "PermissionId", "TenantId", "CreatedAt", "UpdatedAt", "DeletedAt") VALUES ('3f9b6563-4ac2-4e48-ab54-ef35144e7483', 'e1c5d7b9-6a28-4c79-8d1f-7d1b0f2e3a03', 'd1d7a221-4b7b-4d6f-bb2f-0a01f0e1a009', '1f4f9f1a-2b7f-4d2c-8cf6-56d5b92f1a01', '2026-02-23 00:47:24.717917+00', '2026-02-23 00:47:24.717917+00', NULL) ON CONFLICT DO NOTHING;
INSERT INTO public.rol_permisos ("Id", "RoleId", "PermissionId", "TenantId", "CreatedAt", "UpdatedAt", "DeletedAt") VALUES ('9e62010f-b2f1-42b8-8c2d-ba170f32fcee', 'e1c5d7b9-6a28-4c79-8d1f-7d1b0f2e3a03', 'd1d7a221-4b7b-4d6f-bb2f-0a01f0e1a008', '1f4f9f1a-2b7f-4d2c-8cf6-56d5b92f1a01', '2026-02-23 00:47:24.717917+00', '2026-02-23 00:47:24.717917+00', NULL) ON CONFLICT DO NOTHING;
INSERT INTO public.rol_permisos ("Id", "RoleId", "PermissionId", "TenantId", "CreatedAt", "UpdatedAt", "DeletedAt") VALUES ('8f0362fb-26b3-4849-b293-c4be9b8cf1e1', 'e1c5d7b9-6a28-4c79-8d1f-7d1b0f2e3a03', 'd1d7a221-4b7b-4d6f-bb2f-0a01f0e1a013', '1f4f9f1a-2b7f-4d2c-8cf6-56d5b92f1a01', '2026-02-23 00:47:24.717917+00', '2026-02-23 00:47:24.717917+00', NULL) ON CONFLICT DO NOTHING;
INSERT INTO public.rol_permisos ("Id", "RoleId", "PermissionId", "TenantId", "CreatedAt", "UpdatedAt", "DeletedAt") VALUES ('0e176b58-56e9-4737-9480-cce87385d316', 'e1c5d7b9-6a28-4c79-8d1f-7d1b0f2e3a03', 'd1d7a221-4b7b-4d6f-bb2f-0a01f0e1a011', '1f4f9f1a-2b7f-4d2c-8cf6-56d5b92f1a01', '2026-02-23 00:47:24.717917+00', '2026-02-23 00:47:24.717917+00', NULL) ON CONFLICT DO NOTHING;
INSERT INTO public.rol_permisos ("Id", "RoleId", "PermissionId", "TenantId", "CreatedAt", "UpdatedAt", "DeletedAt") VALUES ('fb268784-47b7-4610-b4da-373d1e39ac05', 'e1c5d7b9-6a28-4c79-8d1f-7d1b0f2e3a03', 'd1d7a221-4b7b-4d6f-bb2f-0a01f0e1a007', '1f4f9f1a-2b7f-4d2c-8cf6-56d5b92f1a01', '2026-02-23 00:47:24.717917+00', '2026-02-23 00:47:24.717917+00', NULL) ON CONFLICT DO NOTHING;
INSERT INTO public.rol_permisos ("Id", "RoleId", "PermissionId", "TenantId", "CreatedAt", "UpdatedAt", "DeletedAt") VALUES ('0eb838c0-0593-45ed-89d2-0cd0c7cc4081', 'e1c5d7b9-6a28-4c79-8d1f-7d1b0f2e3a03', 'd1d7a221-4b7b-4d6f-bb2f-0a01f0e1a010', '1f4f9f1a-2b7f-4d2c-8cf6-56d5b92f1a01', '2026-02-23 00:47:24.717917+00', '2026-02-23 00:47:24.717917+00', NULL) ON CONFLICT DO NOTHING;
INSERT INTO public.rol_permisos ("Id", "RoleId", "PermissionId", "TenantId", "CreatedAt", "UpdatedAt", "DeletedAt") VALUES ('6f8a1b80-7c1d-403e-963c-0367c1967b39', 'e1c5d7b9-6a28-4c79-8d1f-7d1b0f2e3a03', 'd1d7a221-4b7b-4d6f-bb2f-0a01f0e1a003', '1f4f9f1a-2b7f-4d2c-8cf6-56d5b92f1a01', '2026-02-23 00:47:24.717917+00', '2026-02-23 00:47:24.717917+00', NULL) ON CONFLICT DO NOTHING;
INSERT INTO public.rol_permisos ("Id", "RoleId", "PermissionId", "TenantId", "CreatedAt", "UpdatedAt", "DeletedAt") VALUES ('c7e042b4-5d37-4f42-8ec7-7032094f49d9', 'e1c5d7b9-6a28-4c79-8d1f-7d1b0f2e3a03', 'd1d7a221-4b7b-4d6f-bb2f-0a01f0e1a002', '1f4f9f1a-2b7f-4d2c-8cf6-56d5b92f1a01', '2026-02-23 00:47:24.717917+00', '2026-02-23 00:47:24.717917+00', NULL) ON CONFLICT DO NOTHING;
INSERT INTO public.rol_permisos ("Id", "RoleId", "PermissionId", "TenantId", "CreatedAt", "UpdatedAt", "DeletedAt") VALUES ('00729316-b22c-4985-bb08-95d5bbf0d772', 'e1c5d7b9-6a28-4c79-8d1f-7d1b0f2e3a03', 'd1d7a221-4b7b-4d6f-bb2f-0a01f0e1a001', '1f4f9f1a-2b7f-4d2c-8cf6-56d5b92f1a01', '2026-02-23 00:47:24.717917+00', '2026-02-23 00:47:24.717917+00', NULL) ON CONFLICT DO NOTHING;
INSERT INTO public.rol_permisos ("Id", "RoleId", "PermissionId", "TenantId", "CreatedAt", "UpdatedAt", "DeletedAt") VALUES ('4581df3e-b3f5-4aac-a59c-408cf6254208', '5e7f1a0b-8f29-4b6f-93a0-2f7a9f2c7b01', 'd1d7a221-4b7b-4d6f-bb2f-0a01f0e1a001', '1f4f9f1a-2b7f-4d2c-8cf6-56d5b92f1a01', '2026-02-23 00:47:24.717917+00', '2026-02-23 00:47:24.717917+00', NULL) ON CONFLICT DO NOTHING;
INSERT INTO public.rol_permisos ("Id", "RoleId", "PermissionId", "TenantId", "CreatedAt", "UpdatedAt", "DeletedAt") VALUES ('27a2492c-140a-4849-b600-90ffb0d694b1', '5e7f1a0b-8f29-4b6f-93a0-2f7a9f2c7b01', 'd1d7a221-4b7b-4d6f-bb2f-0a01f0e1a002', '1f4f9f1a-2b7f-4d2c-8cf6-56d5b92f1a01', '2026-02-23 00:47:24.717917+00', '2026-02-23 00:47:24.717917+00', NULL) ON CONFLICT DO NOTHING;
INSERT INTO public.rol_permisos ("Id", "RoleId", "PermissionId", "TenantId", "CreatedAt", "UpdatedAt", "DeletedAt") VALUES ('cfca767b-7ace-49e2-89be-c19acaed1f4e', '5e7f1a0b-8f29-4b6f-93a0-2f7a9f2c7b01', 'd1d7a221-4b7b-4d6f-bb2f-0a01f0e1a005', '1f4f9f1a-2b7f-4d2c-8cf6-56d5b92f1a01', '2026-02-23 00:47:24.717917+00', '2026-02-23 00:47:24.717917+00', NULL) ON CONFLICT DO NOTHING;
INSERT INTO public.rol_permisos ("Id", "RoleId", "PermissionId", "TenantId", "CreatedAt", "UpdatedAt", "DeletedAt") VALUES ('10ab2a6d-dda5-40e1-a8e0-715a3e2e5fa9', '5e7f1a0b-8f29-4b6f-93a0-2f7a9f2c7b01', 'd1d7a221-4b7b-4d6f-bb2f-0a01f0e1a006', '1f4f9f1a-2b7f-4d2c-8cf6-56d5b92f1a01', '2026-02-23 00:47:24.717917+00', '2026-02-23 00:47:24.717917+00', NULL) ON CONFLICT DO NOTHING;
INSERT INTO public.rol_permisos ("Id", "RoleId", "PermissionId", "TenantId", "CreatedAt", "UpdatedAt", "DeletedAt") VALUES ('28ddb60e-c8f1-4ae5-8a73-207fd3192172', '5e7f1a0b-8f29-4b6f-93a0-2f7a9f2c7b01', 'd1d7a221-4b7b-4d6f-bb2f-0a01f0e1a008', '1f4f9f1a-2b7f-4d2c-8cf6-56d5b92f1a01', '2026-02-23 00:47:24.717917+00', '2026-02-23 00:47:24.717917+00', NULL) ON CONFLICT DO NOTHING;
INSERT INTO public.rol_permisos ("Id", "RoleId", "PermissionId", "TenantId", "CreatedAt", "UpdatedAt", "DeletedAt") VALUES ('4afd6342-737d-4009-8a6c-9274b244eac6', '5e7f1a0b-8f29-4b6f-93a0-2f7a9f2c7b01', 'd1d7a221-4b7b-4d6f-bb2f-0a01f0e1a016', '1f4f9f1a-2b7f-4d2c-8cf6-56d5b92f1a01', '2026-02-23 00:47:24.717917+00', '2026-02-23 00:47:24.717917+00', NULL) ON CONFLICT DO NOTHING;
INSERT INTO public.rol_permisos ("Id", "RoleId", "PermissionId", "TenantId", "CreatedAt", "UpdatedAt", "DeletedAt") VALUES ('6c3a85b3-a145-40a1-a825-c0b803029e02', '9b1b6f34-33d5-4a0c-9a11-0e2b9d5c1b02', 'd1d7a221-4b7b-4d6f-bb2f-0a01f0e1a001', '1f4f9f1a-2b7f-4d2c-8cf6-56d5b92f1a01', '2026-02-23 00:47:24.717917+00', '2026-02-23 00:47:24.717917+00', NULL) ON CONFLICT DO NOTHING;
INSERT INTO public.rol_permisos ("Id", "RoleId", "PermissionId", "TenantId", "CreatedAt", "UpdatedAt", "DeletedAt") VALUES ('dcd2bb6a-a935-4d34-b01c-eef88369684d', '9b1b6f34-33d5-4a0c-9a11-0e2b9d5c1b02', 'd1d7a221-4b7b-4d6f-bb2f-0a01f0e1a002', '1f4f9f1a-2b7f-4d2c-8cf6-56d5b92f1a01', '2026-02-23 00:47:24.717917+00', '2026-02-23 00:47:24.717917+00', NULL) ON CONFLICT DO NOTHING;
INSERT INTO public.rol_permisos ("Id", "RoleId", "PermissionId", "TenantId", "CreatedAt", "UpdatedAt", "DeletedAt") VALUES ('914cc6bd-395a-4c29-ac38-38a15aef112d', '9b1b6f34-33d5-4a0c-9a11-0e2b9d5c1b02', 'd1d7a221-4b7b-4d6f-bb2f-0a01f0e1a003', '1f4f9f1a-2b7f-4d2c-8cf6-56d5b92f1a01', '2026-02-23 00:47:24.717917+00', '2026-02-23 00:47:24.717917+00', NULL) ON CONFLICT DO NOTHING;
INSERT INTO public.rol_permisos ("Id", "RoleId", "PermissionId", "TenantId", "CreatedAt", "UpdatedAt", "DeletedAt") VALUES ('b5de3e28-421a-48c9-a0f5-0fe7bd1f6862', '9b1b6f34-33d5-4a0c-9a11-0e2b9d5c1b02', 'd1d7a221-4b7b-4d6f-bb2f-0a01f0e1a007', '1f4f9f1a-2b7f-4d2c-8cf6-56d5b92f1a01', '2026-02-23 00:47:24.717917+00', '2026-02-23 00:47:24.717917+00', NULL) ON CONFLICT DO NOTHING;
INSERT INTO public.rol_permisos ("Id", "RoleId", "PermissionId", "TenantId", "CreatedAt", "UpdatedAt", "DeletedAt") VALUES ('413f01cf-83e3-4457-ae77-87c9db23bb0f', '9b1b6f34-33d5-4a0c-9a11-0e2b9d5c1b02', 'd1d7a221-4b7b-4d6f-bb2f-0a01f0e1a008', '1f4f9f1a-2b7f-4d2c-8cf6-56d5b92f1a01', '2026-02-23 00:47:24.717917+00', '2026-02-23 00:47:24.717917+00', NULL) ON CONFLICT DO NOTHING;
INSERT INTO public.rol_permisos ("Id", "RoleId", "PermissionId", "TenantId", "CreatedAt", "UpdatedAt", "DeletedAt") VALUES ('5e690975-b19b-4403-a050-fbe35c091f9f', '9b1b6f34-33d5-4a0c-9a11-0e2b9d5c1b02', 'd1d7a221-4b7b-4d6f-bb2f-0a01f0e1a009', '1f4f9f1a-2b7f-4d2c-8cf6-56d5b92f1a01', '2026-02-23 00:47:24.717917+00', '2026-02-23 00:47:24.717917+00', NULL) ON CONFLICT DO NOTHING;
INSERT INTO public.rol_permisos ("Id", "RoleId", "PermissionId", "TenantId", "CreatedAt", "UpdatedAt", "DeletedAt") VALUES ('d91af5fd-f412-4f86-a1d3-3fa89b33ffe1', '9b1b6f34-33d5-4a0c-9a11-0e2b9d5c1b02', 'd1d7a221-4b7b-4d6f-bb2f-0a01f0e1a011', '1f4f9f1a-2b7f-4d2c-8cf6-56d5b92f1a01', '2026-02-23 00:47:24.717917+00', '2026-02-23 00:47:24.717917+00', NULL) ON CONFLICT DO NOTHING;
INSERT INTO public.rol_permisos ("Id", "RoleId", "PermissionId", "TenantId", "CreatedAt", "UpdatedAt", "DeletedAt") VALUES ('bd7a8c5a-9061-4131-b6e9-5330de66a240', '9b1b6f34-33d5-4a0c-9a11-0e2b9d5c1b02', 'd1d7a221-4b7b-4d6f-bb2f-0a01f0e1a013', '1f4f9f1a-2b7f-4d2c-8cf6-56d5b92f1a01', '2026-02-23 00:47:24.717917+00', '2026-02-23 00:47:24.717917+00', NULL) ON CONFLICT DO NOTHING;
INSERT INTO public.rol_permisos ("Id", "RoleId", "PermissionId", "TenantId", "CreatedAt", "UpdatedAt", "DeletedAt") VALUES ('65d3632c-ec0e-47a9-85f5-4466238c6cdb', '9b1b6f34-33d5-4a0c-9a11-0e2b9d5c1b02', 'd1d7a221-4b7b-4d6f-bb2f-0a01f0e1a014', '1f4f9f1a-2b7f-4d2c-8cf6-56d5b92f1a01', '2026-02-23 00:47:24.717917+00', '2026-02-23 00:47:24.717917+00', NULL) ON CONFLICT DO NOTHING;
INSERT INTO public.rol_permisos ("Id", "RoleId", "PermissionId", "TenantId", "CreatedAt", "UpdatedAt", "DeletedAt") VALUES ('ae07929e-a62b-4f80-a060-12842ec72459', '9b1b6f34-33d5-4a0c-9a11-0e2b9d5c1b02', 'd1d7a221-4b7b-4d6f-bb2f-0a01f0e1a016', '1f4f9f1a-2b7f-4d2c-8cf6-56d5b92f1a01', '2026-02-23 00:47:24.717917+00', '2026-02-23 00:47:24.717917+00', NULL) ON CONFLICT DO NOTHING;
INSERT INTO public.stock_movimientos ("Id", "SucursalId", "Tipo", "Motivo", "Fecha", "VentaNumero", "TenantId", "CreatedAt", "UpdatedAt", "DeletedAt") VALUES ('f3010000-0000-0000-0000-000000000001', '3b58fbc1-33f3-4e7e-9a34-9a0a3cf3c7a1', 3, 'Salida por venta 1001', '2026-02-20 00:47:24.717917+00', 1001, '1f4f9f1a-2b7f-4d2c-8cf6-56d5b92f1a01', '2026-02-23 00:47:24.717917+00', '2026-02-23 00:47:24.717917+00', NULL) ON CONFLICT DO NOTHING;
INSERT INTO public.stock_movimientos ("Id", "SucursalId", "Tipo", "Motivo", "Fecha", "VentaNumero", "TenantId", "CreatedAt", "UpdatedAt", "DeletedAt") VALUES ('f3010000-0000-0000-0000-000000000002', '3b58fbc1-33f3-4e7e-9a34-9a0a3cf3c7a1', 3, 'Salida por venta 1002', '2026-02-21 00:47:24.717917+00', 1002, '1f4f9f1a-2b7f-4d2c-8cf6-56d5b92f1a01', '2026-02-23 00:47:24.717917+00', '2026-02-23 00:47:24.717917+00', NULL) ON CONFLICT DO NOTHING;
INSERT INTO public.stock_movimientos ("Id", "SucursalId", "Tipo", "Motivo", "Fecha", "VentaNumero", "TenantId", "CreatedAt", "UpdatedAt", "DeletedAt") VALUES ('f3010000-0000-0000-0000-000000000003', '3b58fbc1-33f3-4e7e-9a34-9a0a3cf3c7a1', 3, 'Salida por venta 1003', '2026-02-22 00:47:24.717917+00', 1003, '1f4f9f1a-2b7f-4d2c-8cf6-56d5b92f1a01', '2026-02-23 00:47:24.717917+00', '2026-02-23 00:47:24.717917+00', NULL) ON CONFLICT DO NOTHING;
INSERT INTO public.stock_movimientos ("Id", "SucursalId", "Tipo", "Motivo", "Fecha", "VentaNumero", "TenantId", "CreatedAt", "UpdatedAt", "DeletedAt") VALUES ('f3010000-0000-0000-0000-000000000004', '3b58fbc1-33f3-4e7e-9a34-9a0a3cf3c7a1', 5, 'Ingreso compra proveedor', '2026-02-22 04:47:24.717917+00', NULL, '1f4f9f1a-2b7f-4d2c-8cf6-56d5b92f1a01', '2026-02-23 00:47:24.717917+00', '2026-02-23 00:47:24.717917+00', NULL) ON CONFLICT DO NOTHING;
INSERT INTO public.stock_movimiento_items ("Id", "MovimientoId", "ProductoId", "Cantidad", "EsIngreso", "TenantId", "CreatedAt", "UpdatedAt", "DeletedAt") VALUES ('f4010000-0000-0000-0000-000000000001', 'f3010000-0000-0000-0000-000000000001', 'a0010000-0000-0000-0000-000000000001', 2.0000, false, '1f4f9f1a-2b7f-4d2c-8cf6-56d5b92f1a01', '2026-02-23 00:47:24.717917+00', '2026-02-23 00:47:24.717917+00', NULL) ON CONFLICT DO NOTHING;
INSERT INTO public.stock_movimiento_items ("Id", "MovimientoId", "ProductoId", "Cantidad", "EsIngreso", "TenantId", "CreatedAt", "UpdatedAt", "DeletedAt") VALUES ('f4010000-0000-0000-0000-000000000002', 'f3010000-0000-0000-0000-000000000001', 'a0010000-0000-0000-0000-000000000010', 1.0000, false, '1f4f9f1a-2b7f-4d2c-8cf6-56d5b92f1a01', '2026-02-23 00:47:24.717917+00', '2026-02-23 00:47:24.717917+00', NULL) ON CONFLICT DO NOTHING;
INSERT INTO public.stock_movimiento_items ("Id", "MovimientoId", "ProductoId", "Cantidad", "EsIngreso", "TenantId", "CreatedAt", "UpdatedAt", "DeletedAt") VALUES ('f4010000-0000-0000-0000-000000000003', 'f3010000-0000-0000-0000-000000000002', 'a0010000-0000-0000-0000-000000000002', 1.0000, false, '1f4f9f1a-2b7f-4d2c-8cf6-56d5b92f1a01', '2026-02-23 00:47:24.717917+00', '2026-02-23 00:47:24.717917+00', NULL) ON CONFLICT DO NOTHING;
INSERT INTO public.stock_movimiento_items ("Id", "MovimientoId", "ProductoId", "Cantidad", "EsIngreso", "TenantId", "CreatedAt", "UpdatedAt", "DeletedAt") VALUES ('f4010000-0000-0000-0000-000000000004', 'f3010000-0000-0000-0000-000000000002', 'a0010000-0000-0000-0000-000000000001', 2.0000, false, '1f4f9f1a-2b7f-4d2c-8cf6-56d5b92f1a01', '2026-02-23 00:47:24.717917+00', '2026-02-23 00:47:24.717917+00', NULL) ON CONFLICT DO NOTHING;
INSERT INTO public.stock_movimiento_items ("Id", "MovimientoId", "ProductoId", "Cantidad", "EsIngreso", "TenantId", "CreatedAt", "UpdatedAt", "DeletedAt") VALUES ('f4010000-0000-0000-0000-000000000005', 'f3010000-0000-0000-0000-000000000003', 'a0010000-0000-0000-0000-000000000005', 2.0000, false, '1f4f9f1a-2b7f-4d2c-8cf6-56d5b92f1a01', '2026-02-23 00:47:24.717917+00', '2026-02-23 00:47:24.717917+00', NULL) ON CONFLICT DO NOTHING;
INSERT INTO public.stock_movimiento_items ("Id", "MovimientoId", "ProductoId", "Cantidad", "EsIngreso", "TenantId", "CreatedAt", "UpdatedAt", "DeletedAt") VALUES ('f4010000-0000-0000-0000-000000000006', 'f3010000-0000-0000-0000-000000000003', 'a0010000-0000-0000-0000-000000000006', 5.0000, false, '1f4f9f1a-2b7f-4d2c-8cf6-56d5b92f1a01', '2026-02-23 00:47:24.717917+00', '2026-02-23 00:47:24.717917+00', NULL) ON CONFLICT DO NOTHING;
INSERT INTO public.stock_movimiento_items ("Id", "MovimientoId", "ProductoId", "Cantidad", "EsIngreso", "TenantId", "CreatedAt", "UpdatedAt", "DeletedAt") VALUES ('f4010000-0000-0000-0000-000000000007', 'f3010000-0000-0000-0000-000000000004', 'a0010000-0000-0000-0000-000000000005', 20.0000, true, '1f4f9f1a-2b7f-4d2c-8cf6-56d5b92f1a01', '2026-02-23 00:47:24.717917+00', '2026-02-23 00:47:24.717917+00', NULL) ON CONFLICT DO NOTHING;
INSERT INTO public.stock_movimiento_items ("Id", "MovimientoId", "ProductoId", "Cantidad", "EsIngreso", "TenantId", "CreatedAt", "UpdatedAt", "DeletedAt") VALUES ('f4010000-0000-0000-0000-000000000008', 'f3010000-0000-0000-0000-000000000004', 'a0010000-0000-0000-0000-000000000006', 30.0000, true, '1f4f9f1a-2b7f-4d2c-8cf6-56d5b92f1a01', '2026-02-23 00:47:24.717917+00', '2026-02-23 00:47:24.717917+00', NULL) ON CONFLICT DO NOTHING;
INSERT INTO public.stock_saldos ("Id", "ProductoId", "SucursalId", "CantidadActual", "TenantId", "CreatedAt", "UpdatedAt", "DeletedAt") VALUES ('c0010000-0000-0000-0000-000000000003', 'a0010000-0000-0000-0000-000000000003', '3b58fbc1-33f3-4e7e-9a34-9a0a3cf3c7a1', 110.0000, '1f4f9f1a-2b7f-4d2c-8cf6-56d5b92f1a01', '2026-02-23 00:47:24.717917+00', '2026-02-23 00:47:24.717917+00', NULL) ON CONFLICT DO NOTHING;
INSERT INTO public.stock_saldos ("Id", "ProductoId", "SucursalId", "CantidadActual", "TenantId", "CreatedAt", "UpdatedAt", "DeletedAt") VALUES ('c0010000-0000-0000-0000-000000000004', 'a0010000-0000-0000-0000-000000000004', '3b58fbc1-33f3-4e7e-9a34-9a0a3cf3c7a1', 180.0000, '1f4f9f1a-2b7f-4d2c-8cf6-56d5b92f1a01', '2026-02-23 00:47:24.717917+00', '2026-02-23 00:47:24.717917+00', NULL) ON CONFLICT DO NOTHING;
INSERT INTO public.stock_saldos ("Id", "ProductoId", "SucursalId", "CantidadActual", "TenantId", "CreatedAt", "UpdatedAt", "DeletedAt") VALUES ('c0010000-0000-0000-0000-000000000007', 'a0010000-0000-0000-0000-000000000007', '3b58fbc1-33f3-4e7e-9a34-9a0a3cf3c7a1', 75.0000, '1f4f9f1a-2b7f-4d2c-8cf6-56d5b92f1a01', '2026-02-23 00:47:24.717917+00', '2026-02-23 00:47:24.717917+00', NULL) ON CONFLICT DO NOTHING;
INSERT INTO public.stock_saldos ("Id", "ProductoId", "SucursalId", "CantidadActual", "TenantId", "CreatedAt", "UpdatedAt", "DeletedAt") VALUES ('c0010000-0000-0000-0000-000000000008', 'a0010000-0000-0000-0000-000000000008', '3b58fbc1-33f3-4e7e-9a34-9a0a3cf3c7a1', 60.0000, '1f4f9f1a-2b7f-4d2c-8cf6-56d5b92f1a01', '2026-02-23 00:47:24.717917+00', '2026-02-23 00:47:24.717917+00', NULL) ON CONFLICT DO NOTHING;
INSERT INTO public.stock_saldos ("Id", "ProductoId", "SucursalId", "CantidadActual", "TenantId", "CreatedAt", "UpdatedAt", "DeletedAt") VALUES ('c0010000-0000-0000-0000-000000000009', 'a0010000-0000-0000-0000-000000000009', '3b58fbc1-33f3-4e7e-9a34-9a0a3cf3c7a1', 40.0000, '1f4f9f1a-2b7f-4d2c-8cf6-56d5b92f1a01', '2026-02-23 00:47:24.717917+00', '2026-02-23 00:47:24.717917+00', NULL) ON CONFLICT DO NOTHING;
INSERT INTO public.stock_saldos ("Id", "ProductoId", "SucursalId", "CantidadActual", "TenantId", "CreatedAt", "UpdatedAt", "DeletedAt") VALUES ('c0010000-0000-0000-0000-000000000001', 'a0010000-0000-0000-0000-000000000001', '3b58fbc1-33f3-4e7e-9a34-9a0a3cf3c7a1', 116.0000, '1f4f9f1a-2b7f-4d2c-8cf6-56d5b92f1a01', '2026-02-23 00:47:24.717917+00', '2026-02-23 00:47:24.717917+00', NULL) ON CONFLICT DO NOTHING;
INSERT INTO public.stock_saldos ("Id", "ProductoId", "SucursalId", "CantidadActual", "TenantId", "CreatedAt", "UpdatedAt", "DeletedAt") VALUES ('c0010000-0000-0000-0000-000000000002', 'a0010000-0000-0000-0000-000000000002', '3b58fbc1-33f3-4e7e-9a34-9a0a3cf3c7a1', 19.0000, '1f4f9f1a-2b7f-4d2c-8cf6-56d5b92f1a01', '2026-02-23 00:47:24.717917+00', '2026-02-23 00:47:24.717917+00', NULL) ON CONFLICT DO NOTHING;
INSERT INTO public.stock_saldos ("Id", "ProductoId", "SucursalId", "CantidadActual", "TenantId", "CreatedAt", "UpdatedAt", "DeletedAt") VALUES ('c0010000-0000-0000-0000-000000000010', 'a0010000-0000-0000-0000-000000000010', '3b58fbc1-33f3-4e7e-9a34-9a0a3cf3c7a1', 29.0000, '1f4f9f1a-2b7f-4d2c-8cf6-56d5b92f1a01', '2026-02-23 00:47:24.717917+00', '2026-02-23 00:47:24.717917+00', NULL) ON CONFLICT DO NOTHING;
INSERT INTO public.stock_saldos ("Id", "ProductoId", "SucursalId", "CantidadActual", "TenantId", "CreatedAt", "UpdatedAt", "DeletedAt") VALUES ('c0010000-0000-0000-0000-000000000005', 'a0010000-0000-0000-0000-000000000005', '3b58fbc1-33f3-4e7e-9a34-9a0a3cf3c7a1', 110.0000, '1f4f9f1a-2b7f-4d2c-8cf6-56d5b92f1a01', '2026-02-23 00:47:24.717917+00', '2026-02-23 00:47:24.717917+00', NULL) ON CONFLICT DO NOTHING;
INSERT INTO public.stock_saldos ("Id", "ProductoId", "SucursalId", "CantidadActual", "TenantId", "CreatedAt", "UpdatedAt", "DeletedAt") VALUES ('c0010000-0000-0000-0000-000000000006', 'a0010000-0000-0000-0000-000000000006', '3b58fbc1-33f3-4e7e-9a34-9a0a3cf3c7a1', 120.0000, '1f4f9f1a-2b7f-4d2c-8cf6-56d5b92f1a01', '2026-02-23 00:47:24.717917+00', '2026-02-23 00:47:24.717917+00', NULL) ON CONFLICT DO NOTHING;
INSERT INTO public.usuario_roles ("Id", "UserId", "RoleId", "TenantId", "CreatedAt", "UpdatedAt", "DeletedAt") VALUES ('f19b3d0a-92f1-4b7d-9d3f-05b0f8f1a101', 'c5a5020f-47f8-4b57-8a2a-1f9a4c495e2b', 'e1c5d7b9-6a28-4c79-8d1f-7d1b0f2e3a03', '1f4f9f1a-2b7f-4d2c-8cf6-56d5b92f1a01', '2026-02-23 00:47:24.717917+00', '2026-02-23 00:47:24.717917+00', NULL) ON CONFLICT DO NOTHING;
INSERT INTO public.usuario_roles ("Id", "UserId", "RoleId", "TenantId", "CreatedAt", "UpdatedAt", "DeletedAt") VALUES ('f19b3d0a-92f1-4b7d-9d3f-05b0f8f1a102', '6ca96f7d-6a24-4f9f-a7f9-6f8c3c11c101', '5e7f1a0b-8f29-4b6f-93a0-2f7a9f2c7b01', '1f4f9f1a-2b7f-4d2c-8cf6-56d5b92f1a01', '2026-02-23 00:47:24.717917+00', '2026-02-23 00:47:24.717917+00', NULL) ON CONFLICT DO NOTHING;
INSERT INTO public.usuario_roles ("Id", "UserId", "RoleId", "TenantId", "CreatedAt", "UpdatedAt", "DeletedAt") VALUES ('f19b3d0a-92f1-4b7d-9d3f-05b0f8f1a103', '6ca96f7d-6a24-4f9f-a7f9-6f8c3c11c102', '9b1b6f34-33d5-4a0c-9a11-0e2b9d5c1b02', '1f4f9f1a-2b7f-4d2c-8cf6-56d5b92f1a01', '2026-02-23 00:47:24.717917+00', '2026-02-23 00:47:24.717917+00', NULL) ON CONFLICT DO NOTHING;
INSERT INTO public.venta_items ("Id", "VentaId", "ProductoId", "Codigo", "Cantidad", "PrecioUnitario", "TenantId", "CreatedAt", "UpdatedAt", "DeletedAt") VALUES ('f1010000-0000-0000-0000-000000000001', 'f0010000-0000-0000-0000-000000000001', 'a0010000-0000-0000-0000-000000000001', '7790895000011', 2.0000, 1560.0000, '1f4f9f1a-2b7f-4d2c-8cf6-56d5b92f1a01', '2026-02-23 00:47:24.717917+00', '2026-02-23 00:47:24.717917+00', NULL) ON CONFLICT DO NOTHING;
INSERT INTO public.venta_items ("Id", "VentaId", "ProductoId", "Codigo", "Cantidad", "PrecioUnitario", "TenantId", "CreatedAt", "UpdatedAt", "DeletedAt") VALUES ('f1010000-0000-0000-0000-000000000002', 'f0010000-0000-0000-0000-000000000001', 'a0010000-0000-0000-0000-000000000010', '7791293020297', 1.0000, 4550.0000, '1f4f9f1a-2b7f-4d2c-8cf6-56d5b92f1a01', '2026-02-23 00:47:24.717917+00', '2026-02-23 00:47:24.717917+00', NULL) ON CONFLICT DO NOTHING;
INSERT INTO public.venta_items ("Id", "VentaId", "ProductoId", "Codigo", "Cantidad", "PrecioUnitario", "TenantId", "CreatedAt", "UpdatedAt", "DeletedAt") VALUES ('f1010000-0000-0000-0000-000000000003', 'f0010000-0000-0000-0000-000000000002', 'a0010000-0000-0000-0000-000000000002', '7790290101010', 1.0000, 9800.0000, '1f4f9f1a-2b7f-4d2c-8cf6-56d5b92f1a01', '2026-02-23 00:47:24.717917+00', '2026-02-23 00:47:24.717917+00', NULL) ON CONFLICT DO NOTHING;
INSERT INTO public.venta_items ("Id", "VentaId", "ProductoId", "Codigo", "Cantidad", "PrecioUnitario", "TenantId", "CreatedAt", "UpdatedAt", "DeletedAt") VALUES ('f1010000-0000-0000-0000-000000000004', 'f0010000-0000-0000-0000-000000000002', 'a0010000-0000-0000-0000-000000000001', '7790895000011', 2.0000, 2900.0000, '1f4f9f1a-2b7f-4d2c-8cf6-56d5b92f1a01', '2026-02-23 00:47:24.717917+00', '2026-02-23 00:47:24.717917+00', NULL) ON CONFLICT DO NOTHING;
INSERT INTO public.venta_items ("Id", "VentaId", "ProductoId", "Codigo", "Cantidad", "PrecioUnitario", "TenantId", "CreatedAt", "UpdatedAt", "DeletedAt") VALUES ('f1010000-0000-0000-0000-000000000005', 'f0010000-0000-0000-0000-000000000003', 'a0010000-0000-0000-0000-000000000005', '7791234560001', 2.0000, 3000.0000, '1f4f9f1a-2b7f-4d2c-8cf6-56d5b92f1a01', '2026-02-23 00:47:24.717917+00', '2026-02-23 00:47:24.717917+00', NULL) ON CONFLICT DO NOTHING;
INSERT INTO public.venta_items ("Id", "VentaId", "ProductoId", "Codigo", "Cantidad", "PrecioUnitario", "TenantId", "CreatedAt", "UpdatedAt", "DeletedAt") VALUES ('f1010000-0000-0000-0000-000000000006', 'f0010000-0000-0000-0000-000000000003', 'a0010000-0000-0000-0000-000000000006', '7791234560002', 5.0000, 1100.0000, '1f4f9f1a-2b7f-4d2c-8cf6-56d5b92f1a01', '2026-02-23 00:47:24.717917+00', '2026-02-23 00:47:24.717917+00', NULL) ON CONFLICT DO NOTHING;
INSERT INTO public.venta_pagos ("Id", "VentaId", "MedioPago", "Monto", "TenantId", "CreatedAt", "UpdatedAt", "DeletedAt") VALUES ('f2010000-0000-0000-0000-000000000001', 'f0010000-0000-0000-0000-000000000001', 'EFECTIVO', 6110.0000, '1f4f9f1a-2b7f-4d2c-8cf6-56d5b92f1a01', '2026-02-23 00:47:24.717917+00', '2026-02-23 00:47:24.717917+00', NULL) ON CONFLICT DO NOTHING;
INSERT INTO public.venta_pagos ("Id", "VentaId", "MedioPago", "Monto", "TenantId", "CreatedAt", "UpdatedAt", "DeletedAt") VALUES ('f2010000-0000-0000-0000-000000000002', 'f0010000-0000-0000-0000-000000000002', 'TARJETA', 15600.0000, '1f4f9f1a-2b7f-4d2c-8cf6-56d5b92f1a01', '2026-02-23 00:47:24.717917+00', '2026-02-23 00:47:24.717917+00', NULL) ON CONFLICT DO NOTHING;
INSERT INTO public.venta_pagos ("Id", "VentaId", "MedioPago", "Monto", "TenantId", "CreatedAt", "UpdatedAt", "DeletedAt") VALUES ('f2010000-0000-0000-0000-000000000003', 'f0010000-0000-0000-0000-000000000003', 'TRANSFERENCIA', 8000.0000, '1f4f9f1a-2b7f-4d2c-8cf6-56d5b92f1a01', '2026-02-23 00:47:24.717917+00', '2026-02-23 00:47:24.717917+00', NULL) ON CONFLICT DO NOTHING;
INSERT INTO public.venta_pagos ("Id", "VentaId", "MedioPago", "Monto", "TenantId", "CreatedAt", "UpdatedAt", "DeletedAt") VALUES ('f2010000-0000-0000-0000-000000000004', 'f0010000-0000-0000-0000-000000000003', 'APLICATIVO', 3500.0000, '1f4f9f1a-2b7f-4d2c-8cf6-56d5b92f1a01', '2026-02-23 00:47:24.717917+00', '2026-02-23 00:47:24.717917+00', NULL) ON CONFLICT DO NOTHING;

COMMIT;

